Series Name,Series Code,Country Name,Country Code,1960 [YR1960],1961 [YR1961],1962 [YR1962],1963 [YR1963],1964 [YR1964],1965 [YR1965],1966 [YR1966],1967 [YR1967],1968 [YR1968],1969 [YR1969],1970 [YR1970],1971 [YR1971],1972 [YR1972],1973 [YR1973],1974 [YR1974],1975 [YR1975],1976 [YR1976],1977 [YR1977],1978 [YR1978],1979 [YR1979],1980 [YR1980],1981 [YR1981],1982 [YR1982],1983 [YR1983],1984 [YR1984],1985 [YR1985],1986 [YR1986],1987 [YR1987],1988 [YR1988],1989 [YR1989],1990 [YR1990],1991 [YR1991],1992 [YR1992],1993 [YR1993],1994 [YR1994],1995 [YR1995],1996 [YR1996],1997 [YR1997],1998 [YR1998],1999 [YR1999],2000 [YR2000],2001 [YR2001],2002 [YR2002],2003 [YR2003],2004 [YR2004],2005 [YR2005],2006 [YR2006],2007 [YR2007],2008 [YR2008],2009 [YR2009],2010 [YR2010],2011 [YR2011],2012 [YR2012],2013 [YR2013],2014 [YR2014],2015 [YR2015],2016 [YR2016],2017 [YR2017],2018 [YR2018],2019 [YR2019],2020 [YR2020]
Antiretroviral therapy coverage (% of people living with HIV),SH.HIV.ARTC.ZS,Afghanistan,AFG,..,..,..,..,..,..,..,..,..,..,..,..,..,..,..,..,..,..,..,..,..,..,..,..,..,..,..,..,..,..,..,..,..,..,..,..,..,..,..,..,0,0,0,0,0,0,0,0,0,1,1,2,3,3,4,5,7,9,9,10,..
Antiretroviral therapy coverage (% of people living with HIV),SH.HIV.ARTC.ZS,Albania,ALB,..,..,..,..,..,..,..,..,..,..,..,..,..,..,..,..,..,..,..,..,..,..,..,..,..,..,..,..,..,..,..,..,..,..,..,..,..,..,..,..,0,0,0,0,1,2,5,8,12,18,30,39,45,52,59,64,70,78,73,85,..
Antiretroviral therapy coverage (% of people living with HIV),SH.HIV.ARTC.ZS,Algeria,DZA,..,..,..,..,..,..,..,..,..,..,..,..,..,..,..,..,..,..,..,..,..,..,..,..,..,..,..,..,..,..,..,..,..,..,..,..,..,..,..,..,8,9,10,11,12,14,19,19,18,22,28,30,33,40,46,53,59,62,65,67,..
Antiretroviral therapy coverage (% of people living with HIV),SH.HIV.ARTC.ZS,American Samoa,ASM,..,..,..,..,..,..,..,..,..,..,..,..,..,..,..,..,..,..,..,..,..,..,..,..,..,..,..,..,..,..,..,..,..,..,..,..,..,..,..,..,..,..,..,..,..,..,..,..,..,..,..,..,..,..,..,..,..,..,..,..,..
Antiretroviral therapy coverage (% of people living with HIV),SH.HIV.ARTC.ZS,Andorra,AND,..,..,..,..,..,..,..,..,..,..,..,..,..,..,..,..,..,..,..,..,..,..,..,..,..,..,..,..,..,..,..,..,..,..,..,..,..,..,..,..,..,..,..,..,..,..,..,..,..,..,..,..,..,..,..,..,..,..,..,..,..
Antiretroviral therapy coverage (% of people living with HIV),SH.HIV.ARTC.ZS,Angola,AGO,..,..,..,..,..,..,..,..,..,..,..,..,..,..,..,..,..,..,..,..,..,..,..,..,..,..,..,..,..,..,..,..,..,..,..,..,..,..,..,..,0,0,0,0,0,0,3,4,6,8,10,11,13,19,23,25,23,25,27,27,..
Antiretroviral therapy coverage (% of people living with HIV),SH.HIV.ARTC.ZS,Antigua and Barbuda,ATG,..,..,..,..,..,..,..,..,..,..,..,..,..,..,..,..,..,..,..,..,..,..,..,..,..,..,..,..,..,..,..,..,..,..,..,..,..,..,..,..,..,..,..,..,..,..,..,..,..,..,..,..,..,..,..,..,..,..,..,..,..
Antiretroviral therapy coverage (% of people living with HIV),SH.HIV.ARTC.ZS,Arab World,ARB,..,..,..,..,..,..,..,..,..,..,..,..,..,..,..,..,..,..,..,..,..,..,..,..,..,..,..,..,..,..,..,..,..,..,..,..,..,..,..,..,0.407124681933842,0.514827995255042,0.635964912280702,1.67285861713106,2.04228121927237,2.70226843100189,4.26702997275204,5.23978685612789,7.64093668690373,9.9915611814346,11.9863123993559,13.7888100866824,15.8396299151889,19.1288160833954,22.1048850574713,25.4933519944017,29.4577417173766,33.3374272786037,36.7288343558282,39.5904255319149,..
Antiretroviral therapy coverage (% of people living with HIV),SH.HIV.ARTC.ZS,Argentina,ARG,..,..,..,..,..,..,..,..,..,..,..,..,..,..,..,..,..,..,..,..,..,..,..,..,..,..,..,..,..,..,..,..,..,..,..,..,..,..,..,..,0,0,0,0,0,0,4,7,12,16,19,23,13,22,30,36,43,51,58,58,..
Antiretroviral therapy coverage (% of people living with HIV),SH.HIV.ARTC.ZS,Armenia,ARM,..,..,..,..,..,..,..,..,..,..,..,..,..,..,..,..,..,..,..,..,..,..,..,..,..,..,..,..,..,..,..,..,..,..,..,..,..,..,..,..,0,0,0,0,1,2,5,8,12,18,30,39,45,52,59,64,70,78,73,85,..
Antiretroviral therapy coverage (% of people living with HIV),SH.HIV.ARTC.ZS,Aruba,ABW,..,..,..,..,..,..,..,..,..,..,..,..,..,..,..,..,..,..,..,..,..,..,..,..,..,..,..,..,..,..,..,..,..,..,..,..,..,..,..,..,..,..,..,..,..,..,..,..,..,..,..,..,..,..,..,..,..,..,..,..,..
Antiretroviral therapy coverage (% of people living with HIV),SH.HIV.ARTC.ZS,Australia,AUS,..,..,..,..,..,..,..,..,..,..,..,..,..,..,..,..,..,..,..,..,..,..,..,..,..,..,..,..,..,..,..,..,..,..,..,..,..,..,..,..,47,49,47,48,49,52,56,56,55,56,61,60,66,70,73,75,77,79,81,83,..
Antiretroviral therapy coverage (% of people living with HIV),SH.HIV.ARTC.ZS,Austria,AUT,..,..,..,..,..,..,..,..,..,..,..,..,..,..,..,..,..,..,..,..,..,..,..,..,..,..,..,..,..,..,..,..,..,..,..,..,..,..,..,..,..,..,..,..,..,..,..,..,..,..,..,..,..,..,..,..,..,..,..,..,..
Antiretroviral therapy coverage (% of people living with HIV),SH.HIV.ARTC.ZS,Azerbaijan,AZE,..,..,..,..,..,..,..,..,..,..,..,..,..,..,..,..,..,..,..,..,..,..,..,..,..,..,..,..,..,..,..,..,..,..,..,..,..,..,..,..,0,0,0,0,0,0,0,1,2,4,6,10,14,19,19,25,30,38,45,52,..
Antiretroviral therapy coverage (% of people living with HIV),SH.HIV.ARTC.ZS,"Bahamas, The",BHS,..,..,..,..,..,..,..,..,..,..,..,..,..,..,..,..,..,..,..,..,..,..,..,..,..,..,..,..,..,..,..,..,..,..,..,..,..,..,..,..,..,..,..,..,..,..,..,..,..,..,..,..,..,..,..,..,..,..,..,..,..
Antiretroviral therapy coverage (% of people living with HIV),SH.HIV.ARTC.ZS,Bahrain,BHR,..,..,..,..,..,..,..,..,..,..,..,..,..,..,..,..,..,..,..,..,..,..,..,..,..,..,..,..,..,..,..,..,..,..,..,..,..,..,..,..,..,..,..,..,..,..,..,..,..,..,..,..,..,..,..,..,..,..,..,..,..
Antiretroviral therapy coverage (% of people living with HIV),SH.HIV.ARTC.ZS,Bangladesh,BGD,..,..,..,..,..,..,..,..,..,..,..,..,..,..,..,..,..,..,..,..,..,..,..,..,..,..,..,..,..,..,..,..,..,..,..,..,..,..,..,..,..,..,..,..,..,..,..,..,..,..,..,..,..,..,..,..,..,..,..,..,..
Antiretroviral therapy coverage (% of people living with HIV),SH.HIV.ARTC.ZS,Barbados,BRB,..,..,..,..,..,..,..,..,..,..,..,..,..,..,..,..,..,..,..,..,..,..,..,..,..,..,..,..,..,..,..,..,..,..,..,..,..,..,..,..,..,..,..,..,..,..,..,..,..,..,..,..,..,..,..,..,..,..,..,..,..
Antiretroviral therapy coverage (% of people living with HIV),SH.HIV.ARTC.ZS,Belarus,BLR,..,..,..,..,..,..,..,..,..,..,..,..,..,..,..,..,..,..,..,..,..,..,..,..,..,..,..,..,..,..,..,..,..,..,..,..,..,..,..,..,0,0,0,0,2,3,10,11,13,16,21,23,27,29,30,34,37,45,59,63,..
Antiretroviral therapy coverage (% of people living with HIV),SH.HIV.ARTC.ZS,Belgium,BEL,..,..,..,..,..,..,..,..,..,..,..,..,..,..,..,..,..,..,..,..,..,..,..,..,..,..,..,..,..,..,..,..,..,..,..,..,..,..,..,..,..,..,..,..,..,..,..,..,..,..,..,..,..,..,..,..,..,..,..,..,..
Antiretroviral therapy coverage (% of people living with HIV),SH.HIV.ARTC.ZS,Belize,BLZ,..,..,..,..,..,..,..,..,..,..,..,..,..,..,..,..,..,..,..,..,..,..,..,..,..,..,..,..,..,..,..,..,..,..,..,..,..,..,..,..,..,..,..,..,..,..,..,..,..,..,..,..,..,..,..,..,..,..,..,..,..
Antiretroviral therapy coverage (% of people living with HIV),SH.HIV.ARTC.ZS,Benin,BEN,..,..,..,..,..,..,..,..,..,..,..,..,..,..,..,..,..,..,..,..,..,..,..,..,..,..,..,..,..,..,..,..,..,..,..,..,..,..,..,..,0,0,0,0,0,0,0,0,20,26,31,39,41,36,41,47,52,52,60,65,..
Antiretroviral therapy coverage (% of people living with HIV),SH.HIV.ARTC.ZS,Bermuda,BMU,..,..,..,..,..,..,..,..,..,..,..,..,..,..,..,..,..,..,..,..,..,..,..,..,..,..,..,..,..,..,..,..,..,..,..,..,..,..,..,..,..,..,..,..,..,..,..,..,..,..,..,..,..,..,..,..,..,..,..,..,..
Antiretroviral therapy coverage (% of people living with HIV),SH.HIV.ARTC.ZS,Bhutan,BTN,..,..,..,..,..,..,..,..,..,..,..,..,..,..,..,..,..,..,..,..,..,..,..,..,..,..,..,..,..,..,..,..,..,..,..,..,..,..,..,..,..,..,..,..,..,..,..,..,..,..,..,..,..,..,..,..,..,..,..,..,..
Antiretroviral therapy coverage (% of people living with HIV),SH.HIV.ARTC.ZS,Bolivia,BOL,..,..,..,..,..,..,..,..,..,..,..,..,..,..,..,..,..,..,..,..,..,..,..,..,..,..,..,..,..,..,..,..,..,..,..,..,..,..,..,..,0,0,0,0,1,1,2,3,4,7,8,8,15,18,23,31,37,42,53,60,..
Antiretroviral therapy coverage (% of people living with HIV),SH.HIV.ARTC.ZS,Bosnia and Herzegovina,BIH,..,..,..,..,..,..,..,..,..,..,..,..,..,..,..,..,..,..,..,..,..,..,..,..,..,..,..,..,..,..,..,..,..,..,..,..,..,..,..,..,..,..,..,..,..,..,..,..,..,..,..,..,..,..,..,..,..,..,..,..,..
Antiretroviral therapy coverage (% of people living with HIV),SH.HIV.ARTC.ZS,Botswana,BWA,..,..,..,..,..,..,..,..,..,..,..,..,..,..,..,..,..,..,..,..,..,..,..,..,..,..,..,..,..,..,..,..,..,..,..,..,..,..,..,..,0,1,2,6,12,18,24,28,35,42,47,52,58,63,64,69,73,76,81,82,..
Antiretroviral therapy coverage (% of people living with HIV),SH.HIV.ARTC.ZS,Brazil,BRA,..,..,..,..,..,..,..,..,..,..,..,..,..,..,..,..,..,..,..,..,..,..,..,..,..,..,..,..,..,..,..,..,..,..,..,..,..,..,..,..,0,0,0,0,1,1,2,3,4,7,8,8,15,18,23,31,37,42,53,60,..
Antiretroviral therapy coverage (% of people living with HIV),SH.HIV.ARTC.ZS,British Virgin Islands,VGB,..,..,..,..,..,..,..,..,..,..,..,..,..,..,..,..,..,..,..,..,..,..,..,..,..,..,..,..,..,..,..,..,..,..,..,..,..,..,..,..,..,..,..,..,..,..,..,..,..,..,..,..,..,..,..,..,..,..,..,..,..
Antiretroviral therapy coverage (% of people living with HIV),SH.HIV.ARTC.ZS,Brunei Darussalam,BRN,..,..,..,..,..,..,..,..,..,..,..,..,..,..,..,..,..,..,..,..,..,..,..,..,..,..,..,..,..,..,..,..,..,..,..,..,..,..,..,..,..,..,..,..,..,..,..,..,..,..,..,..,..,..,..,..,..,..,..,..,..
Antiretroviral therapy coverage (% of people living with HIV),SH.HIV.ARTC.ZS,Bulgaria,BGR,..,..,..,..,..,..,..,..,..,..,..,..,..,..,..,..,..,..,..,..,..,..,..,..,..,..,..,..,..,..,..,..,..,..,..,..,..,..,..,..,..,..,..,..,..,..,..,..,..,..,..,..,..,..,..,..,..,..,..,..,..
Antiretroviral therapy coverage (% of people living with HIV),SH.HIV.ARTC.ZS,Burkina Faso,BFA,..,..,..,..,..,..,..,..,..,..,..,..,..,..,..,..,..,..,..,..,..,..,..,..,..,..,..,..,..,..,..,..,..,..,..,..,..,..,..,..,0,0,0,1,3,7,11,13,18,23,28,32,34,38,42,43,48,55,58,67,..
Antiretroviral therapy coverage (% of people living with HIV),SH.HIV.ARTC.ZS,Burundi,BDI,..,..,..,..,..,..,..,..,..,..,..,..,..,..,..,..,..,..,..,..,..,..,..,..,..,..,..,..,..,..,..,..,..,..,..,..,..,..,..,..,0,0,1,1,4,6,8,11,15,18,24,28,32,36,41,48,59,69,76,84,..
Antiretroviral therapy coverage (% of people living with HIV),SH.HIV.ARTC.ZS,Cabo Verde,CPV,..,..,..,..,..,..,..,..,..,..,..,..,..,..,..,..,..,..,..,..,..,..,..,..,..,..,..,..,..,..,..,..,..,..,..,..,..,..,..,..,0,0,0,0,3,5,6,9,12,15,17,20,23,25,28,32,40,50,55,62,..
Antiretroviral therapy coverage (% of people living with HIV),SH.HIV.ARTC.ZS,Cambodia,KHM,..,..,..,..,..,..,..,..,..,..,..,..,..,..,..,..,..,..,..,..,..,..,..,..,..,..,..,..,..,..,..,..,..,..,..,..,..,..,..,..,0,0,0,2,6,13,22,30,36,43,51,56,60,63,67,71,74,78,81,84,..
Antiretroviral therapy coverage (% of people living with HIV),SH.HIV.ARTC.ZS,Cameroon,CMR,..,..,..,..,..,..,..,..,..,..,..,..,..,..,..,..,..,..,..,..,..,..,..,..,..,..,..,..,..,..,..,..,..,..,..,..,..,..,..,..,0,0,0,0,3,5,6,9,12,15,17,20,23,25,28,32,40,50,55,62,..
Antiretroviral therapy coverage (% of people living with HIV),SH.HIV.ARTC.ZS,Canada,CAN,..,..,..,..,..,..,..,..,..,..,..,..,..,..,..,..,..,..,..,..,..,..,..,..,..,..,..,..,..,..,..,..,..,..,..,..,..,..,..,..,..,..,..,..,..,..,..,..,..,..,..,..,..,..,..,..,..,..,..,..,..
Antiretroviral therapy coverage (% of people living with HIV),SH.HIV.ARTC.ZS,Caribbean small states,CSS,..,..,..,..,..,..,..,..,..,..,..,..,..,..,..,..,..,..,..,..,..,..,..,..,..,..,..,..,..,..,..,..,..,..,..,..,..,..,..,..,0,0,0.302439024390244,1.53664302600473,3.66129032258065,8.95022624434389,11.727078891258,14.993670886076,18.9582463465553,22.7586206896552,24.7913385826772,27.353515625,31.56463878327,35.3896103896104,37.359778597786,39.3117117117117,41.8225806451613,44.4491228070175,46.6666666666667,49.535652173913,..
Antiretroviral therapy coverage (% of people living with HIV),SH.HIV.ARTC.ZS,Cayman Islands,CYM,..,..,..,..,..,..,..,..,..,..,..,..,..,..,..,..,..,..,..,..,..,..,..,..,..,..,..,..,..,..,..,..,..,..,..,..,..,..,..,..,..,..,..,..,..,..,..,..,..,..,..,..,..,..,..,..,..,..,..,..,..
Antiretroviral therapy coverage (% of people living with HIV),SH.HIV.ARTC.ZS,Central African Republic,CAF,..,..,..,..,..,..,..,..,..,..,..,..,..,..,..,..,..,..,..,..,..,..,..,..,..,..,..,..,..,..,..,..,..,..,..,..,..,..,..,..,0,0,0,0,0,1,2,5,9,10,12,12,14,14,22,26,30,35,38,46,..
Antiretroviral therapy coverage (% of people living with HIV),SH.HIV.ARTC.ZS,Central Europe and the Baltics,CEB,..,..,..,..,..,..,..,..,..,..,..,..,..,..,..,..,..,..,..,..,..,..,..,..,..,..,..,..,..,..,..,..,..,..,..,..,..,..,..,..,..,..,..,..,..,..,..,..,..,..,..,..,..,..,..,..,..,..,..,..,..
Antiretroviral therapy coverage (% of people living with HIV),SH.HIV.ARTC.ZS,Chad,TCD,..,..,..,..,..,..,..,..,..,..,..,..,..,..,..,..,..,..,..,..,..,..,..,..,..,..,..,..,..,..,..,..,..,..,..,..,..,..,..,..,0,0,0,2,0,2,6,8,18,25,31,31,33,35,42,50,38,44,52,58,..
Antiretroviral therapy coverage (% of people living with HIV),SH.HIV.ARTC.ZS,Channel Islands,CHI,..,..,..,..,..,..,..,..,..,..,..,..,..,..,..,..,..,..,..,..,..,..,..,..,..,..,..,..,..,..,..,..,..,..,..,..,..,..,..,..,..,..,..,..,..,..,..,..,..,..,..,..,..,..,..,..,..,..,..,..,..
Antiretroviral therapy coverage (% of people living with HIV),SH.HIV.ARTC.ZS,Chile,CHL,..,..,..,..,..,..,..,..,..,..,..,..,..,..,..,..,..,..,..,..,..,..,..,..,..,..,..,..,..,..,..,..,..,..,..,..,..,..,..,..,10,12,17,21,23,31,31,34,34,37,39,39,44,49,50,51,55,61,64,68,..
Antiretroviral therapy coverage (% of people living with HIV),SH.HIV.ARTC.ZS,China,CHN,..,..,..,..,..,..,..,..,..,..,..,..,..,..,..,..,..,..,..,..,..,..,..,..,..,..,..,..,..,..,..,..,..,..,..,..,..,..,..,..,..,..,..,..,..,..,..,..,..,..,..,..,..,..,..,..,..,..,..,..,..
Antiretroviral therapy coverage (% of people living with HIV),SH.HIV.ARTC.ZS,Colombia,COL,..,..,..,..,..,..,..,..,..,..,..,..,..,..,..,..,..,..,..,..,..,..,..,..,..,..,..,..,..,..,..,..,..,..,..,..,..,..,..,..,10,12,17,21,23,31,31,34,34,37,39,39,44,49,50,51,55,61,64,68,..
Antiretroviral therapy coverage (% of people living with HIV),SH.HIV.ARTC.ZS,Comoros,COM,..,..,..,..,..,..,..,..,..,..,..,..,..,..,..,..,..,..,..,..,..,..,..,..,..,..,..,..,..,..,..,..,..,..,..,..,..,..,..,..,0,1,2,6,12,18,24,28,35,42,47,52,58,63,64,69,73,76,81,82,..
Antiretroviral therapy coverage (% of people living with HIV),SH.HIV.ARTC.ZS,"Congo, Dem. Rep.",COD,..,..,..,..,..,..,..,..,..,..,..,..,..,..,..,..,..,..,..,..,..,..,..,..,..,..,..,..,..,..,..,..,..,..,..,..,..,..,..,..,0,0,0,0,1,2,3,4,5,7,8,10,13,15,20,24,31,42,49,53,..
Antiretroviral therapy coverage (% of people living with HIV),SH.HIV.ARTC.ZS,"Congo, Rep.",COG,..,..,..,..,..,..,..,..,..,..,..,..,..,..,..,..,..,..,..,..,..,..,..,..,..,..,..,..,..,..,..,..,..,..,..,..,..,..,..,..,0,0,0,1,1,4,4,6,12,15,18,20,20,22,21,27,29,30,31,25,..
Antiretroviral therapy coverage (% of people living with HIV),SH.HIV.ARTC.ZS,Costa Rica,CRI,..,..,..,..,..,..,..,..,..,..,..,..,..,..,..,..,..,..,..,..,..,..,..,..,..,..,..,..,..,..,..,..,..,..,..,..,..,..,..,..,9,12,15,17,19,21,23,24,26,27,41,42,42,43,43,49,51,53,60,66,..
Antiretroviral therapy coverage (% of people living with HIV),SH.HIV.ARTC.ZS,Cote d'Ivoire,CIV,..,..,..,..,..,..,..,..,..,..,..,..,..,..,..,..,..,..,..,..,..,..,..,..,..,..,..,..,..,..,..,..,..,..,..,..,..,..,..,..,0,0,1,1,1,3,5,7,11,15,16,20,23,26,30,35,42,52,58,63,..
Antiretroviral therapy coverage (% of people living with HIV),SH.HIV.ARTC.ZS,Croatia,HRV,..,..,..,..,..,..,..,..,..,..,..,..,..,..,..,..,..,..,..,..,..,..,..,..,..,..,..,..,..,..,..,..,..,..,..,..,..,..,..,..,..,..,..,..,..,..,..,..,..,..,..,..,..,..,..,..,..,..,..,..,..
Antiretroviral therapy coverage (% of people living with HIV),SH.HIV.ARTC.ZS,Cuba,CUB,..,..,..,..,..,..,..,..,..,..,..,..,..,..,..,..,..,..,..,..,..,..,..,..,..,..,..,..,..,..,..,..,..,..,..,..,..,..,..,..,1,7,13,17,19,20,24,26,29,32,35,39,41,44,50,57,61,65,71,76,..
Antiretroviral therapy coverage (% of people living with HIV),SH.HIV.ARTC.ZS,Curacao,CUW,..,..,..,..,..,..,..,..,..,..,..,..,..,..,..,..,..,..,..,..,..,..,..,..,..,..,..,..,..,..,..,..,..,..,..,..,..,..,..,..,..,..,..,..,..,..,..,..,..,..,..,..,..,..,..,..,..,..,..,..,..
Antiretroviral therapy coverage (% of people living with HIV),SH.HIV.ARTC.ZS,Cyprus,CYP,..,..,..,..,..,..,..,..,..,..,..,..,..,..,..,..,..,..,..,..,..,..,..,..,..,..,..,..,..,..,..,..,..,..,..,..,..,..,..,..,..,..,..,..,..,..,..,..,..,..,..,..,..,..,..,..,..,..,..,..,..
Antiretroviral therapy coverage (% of people living with HIV),SH.HIV.ARTC.ZS,Czech Republic,CZE,..,..,..,..,..,..,..,..,..,..,..,..,..,..,..,..,..,..,..,..,..,..,..,..,..,..,..,..,..,..,..,..,..,..,..,..,..,..,..,..,..,..,..,..,..,..,..,..,..,..,..,..,..,..,..,..,..,..,..,..,..
Antiretroviral therapy coverage (% of people living with HIV),SH.HIV.ARTC.ZS,Denmark,DNK,..,..,..,..,..,..,..,..,..,..,..,..,..,..,..,..,..,..,..,..,..,..,..,..,..,..,..,..,..,..,..,..,..,..,..,..,..,..,..,..,..,..,..,..,..,..,..,..,..,..,..,..,..,..,..,..,..,..,..,..,..
Antiretroviral therapy coverage (% of people living with HIV),SH.HIV.ARTC.ZS,Djibouti,DJI,..,..,..,..,..,..,..,..,..,..,..,..,..,..,..,..,..,..,..,..,..,..,..,..,..,..,..,..,..,..,..,..,..,..,..,..,..,..,..,..,0,0,0,2,1,2,4,6,7,8,9,10,14,15,19,24,29,33,38,43,..
Antiretroviral therapy coverage (% of people living with HIV),SH.HIV.ARTC.ZS,Dominica,DMA,..,..,..,..,..,..,..,..,..,..,..,..,..,..,..,..,..,..,..,..,..,..,..,..,..,..,..,..,..,..,..,..,..,..,..,..,..,..,..,..,..,..,..,..,..,..,..,..,..,..,..,..,..,..,..,..,..,..,..,..,..
Antiretroviral therapy coverage (% of people living with HIV),SH.HIV.ARTC.ZS,Dominican Republic,DOM,..,..,..,..,..,..,..,..,..,..,..,..,..,..,..,..,..,..,..,..,..,..,..,..,..,..,..,..,..,..,..,..,..,..,..,..,..,..,..,..,0,0,0,0,0,2,5,8,12,15,19,22,25,28,31,34,38,41,45,48,..
Antiretroviral therapy coverage (% of people living with HIV),SH.HIV.ARTC.ZS,Early-demographic dividend,EAR,..,..,..,..,..,..,..,..,..,..,..,..,..,..,..,..,..,..,..,..,..,..,..,..,..,..,..,..,..,..,..,..,..,..,..,..,..,..,..,..,..,..,..,..,..,..,..,..,..,..,..,..,..,..,..,..,..,..,..,..,..
Antiretroviral therapy coverage (% of people living with HIV),SH.HIV.ARTC.ZS,East Asia & Pacific,EAS,..,..,..,..,..,..,..,..,..,..,..,..,..,..,..,..,..,..,..,..,..,..,..,..,..,..,..,..,..,..,..,..,..,..,..,..,..,..,..,..,..,..,..,..,..,..,..,..,..,..,..,..,..,..,..,..,..,..,..,..,..
Antiretroviral therapy coverage (% of people living with HIV),SH.HIV.ARTC.ZS,East Asia & Pacific (excluding high income),EAP,..,..,..,..,..,..,..,..,..,..,..,..,..,..,..,..,..,..,..,..,..,..,..,..,..,..,..,..,..,..,..,..,..,..,..,..,..,..,..,..,..,..,..,..,..,..,..,..,..,..,..,..,..,..,..,..,..,..,..,..,..
Antiretroviral therapy coverage (% of people living with HIV),SH.HIV.ARTC.ZS,East Asia & Pacific (IDA & IBRD countries),TEA,..,..,..,..,..,..,..,..,..,..,..,..,..,..,..,..,..,..,..,..,..,..,..,..,..,..,..,..,..,..,..,..,..,..,..,..,..,..,..,..,..,..,..,..,..,..,..,..,..,..,..,..,..,..,..,..,..,..,..,..,..
Antiretroviral therapy coverage (% of people living with HIV),SH.HIV.ARTC.ZS,Ecuador,ECU,..,..,..,..,..,..,..,..,..,..,..,..,..,..,..,..,..,..,..,..,..,..,..,..,..,..,..,..,..,..,..,..,..,..,..,..,..,..,..,..,1,1,1,1,3,4,6,9,13,17,21,26,26,27,32,38,43,49,55,65,..
Antiretroviral therapy coverage (% of people living with HIV),SH.HIV.ARTC.ZS,"Egypt, Arab Rep.",EGY,..,..,..,..,..,..,..,..,..,..,..,..,..,..,..,..,..,..,..,..,..,..,..,..,..,..,..,..,..,..,..,..,..,..,..,..,..,..,..,..,0,0,0,0,0,0,6,5,7,7,10,11,12,14,17,17,21,26,31,32,..
Antiretroviral therapy coverage (% of people living with HIV),SH.HIV.ARTC.ZS,El Salvador,SLV,..,..,..,..,..,..,..,..,..,..,..,..,..,..,..,..,..,..,..,..,..,..,..,..,..,..,..,..,..,..,..,..,..,..,..,..,..,..,..,..,0,0,1,3,7,11,16,19,23,27,32,32,33,36,37,38,41,43,43,50,..
Antiretroviral therapy coverage (% of people living with HIV),SH.HIV.ARTC.ZS,Equatorial Guinea,GNQ,..,..,..,..,..,..,..,..,..,..,..,..,..,..,..,..,..,..,..,..,..,..,..,..,..,..,..,..,..,..,..,..,..,..,..,..,..,..,..,..,0,0,0,0,1,2,3,6,8,11,7,10,15,25,24,21,27,36,35,35,..
Antiretroviral therapy coverage (% of people living with HIV),SH.HIV.ARTC.ZS,Eritrea,ERI,..,..,..,..,..,..,..,..,..,..,..,..,..,..,..,..,..,..,..,..,..,..,..,..,..,..,..,..,..,..,..,..,..,..,..,..,..,..,..,..,0,0,0,0,0,2,6,11,16,21,27,33,39,44,50,55,58,60,62,62,..
Antiretroviral therapy coverage (% of people living with HIV),SH.HIV.ARTC.ZS,Estonia,EST,..,..,..,..,..,..,..,..,..,..,..,..,..,..,..,..,..,..,..,..,..,..,..,..,..,..,..,..,..,..,..,..,..,..,..,..,..,..,..,..,..,..,..,..,..,..,..,..,..,..,..,..,..,..,..,..,..,..,..,..,..
Antiretroviral therapy coverage (% of people living with HIV),SH.HIV.ARTC.ZS,Eswatini,SWZ,..,..,..,..,..,..,..,..,..,..,..,..,..,..,..,..,..,..,..,..,..,..,..,..,..,..,..,..,..,..,..,..,..,..,..,..,..,..,..,..,0,1,2,2,4,7,11,15,20,25,34,38,43,48,58,68,77,86,88,96,..
Antiretroviral therapy coverage (% of people living with HIV),SH.HIV.ARTC.ZS,Ethiopia,ETH,..,..,..,..,..,..,..,..,..,..,..,..,..,..,..,..,..,..,..,..,..,..,..,..,..,..,..,..,..,..,..,..,..,..,..,..,..,..,..,..,0,0,0,0,1,3,7,14,20,27,33,40,43,47,54,57,63,65,67,74,..
Antiretroviral therapy coverage (% of people living with HIV),SH.HIV.ARTC.ZS,Euro area,EMU,..,..,..,..,..,..,..,..,..,..,..,..,..,..,..,..,..,..,..,..,..,..,..,..,..,..,..,..,..,..,..,..,..,..,..,..,..,..,..,..,..,..,..,..,..,..,..,..,..,..,..,..,..,..,..,..,..,..,..,..,..
Antiretroviral therapy coverage (% of people living with HIV),SH.HIV.ARTC.ZS,Europe & Central Asia,ECS,..,..,..,..,..,..,..,..,..,..,..,..,..,..,..,..,..,..,..,..,..,..,..,..,..,..,..,..,..,..,..,..,..,..,..,..,..,..,..,..,..,..,..,..,..,..,..,..,..,..,..,..,..,..,..,..,..,..,..,..,..
Antiretroviral therapy coverage (% of people living with HIV),SH.HIV.ARTC.ZS,Europe & Central Asia (excluding high income),ECA,..,..,..,..,..,..,..,..,..,..,..,..,..,..,..,..,..,..,..,..,..,..,..,..,..,..,..,..,..,..,..,..,..,..,..,..,..,..,..,..,..,..,..,..,..,..,..,..,..,..,..,..,..,..,..,..,..,..,..,..,..
Antiretroviral therapy coverage (% of people living with HIV),SH.HIV.ARTC.ZS,Europe & Central Asia (IDA & IBRD countries),TEC,..,..,..,..,..,..,..,..,..,..,..,..,..,..,..,..,..,..,..,..,..,..,..,..,..,..,..,..,..,..,..,..,..,..,..,..,..,..,..,..,..,..,..,..,..,..,..,..,..,..,..,..,..,..,..,..,..,..,..,..,..
Antiretroviral therapy coverage (% of people living with HIV),SH.HIV.ARTC.ZS,European Union,EUU,..,..,..,..,..,..,..,..,..,..,..,..,..,..,..,..,..,..,..,..,..,..,..,..,..,..,..,..,..,..,..,..,..,..,..,..,..,..,..,..,..,..,..,..,..,..,..,..,..,..,..,..,..,..,..,..,..,..,..,..,..
Antiretroviral therapy coverage (% of people living with HIV),SH.HIV.ARTC.ZS,Faroe Islands,FRO,..,..,..,..,..,..,..,..,..,..,..,..,..,..,..,..,..,..,..,..,..,..,..,..,..,..,..,..,..,..,..,..,..,..,..,..,..,..,..,..,..,..,..,..,..,..,..,..,..,..,..,..,..,..,..,..,..,..,..,..,..
Antiretroviral therapy coverage (% of people living with HIV),SH.HIV.ARTC.ZS,Fiji,FJI,..,..,..,..,..,..,..,..,..,..,..,..,..,..,..,..,..,..,..,..,..,..,..,..,..,..,..,..,..,..,..,..,..,..,..,..,..,..,..,..,..,..,..,..,..,..,..,..,..,..,..,..,..,..,..,..,..,..,..,..,..
Antiretroviral therapy coverage (% of people living with HIV),SH.HIV.ARTC.ZS,Finland,FIN,..,..,..,..,..,..,..,..,..,..,..,..,..,..,..,..,..,..,..,..,..,..,..,..,..,..,..,..,..,..,..,..,..,..,..,..,..,..,..,..,..,..,..,..,..,..,..,..,..,..,..,..,..,..,..,..,..,..,..,..,..
Antiretroviral therapy coverage (% of people living with HIV),SH.HIV.ARTC.ZS,Fragile and conflict affected situations,FCS,..,..,..,..,..,..,..,..,..,..,..,..,..,..,..,..,..,..,..,..,..,..,..,..,..,..,..,..,..,..,..,..,..,..,..,..,..,..,..,..,0.0201239780792382,0.0518555911432948,0.135414541250085,0.614511270729205,2.04869127516779,3.25496704748707,5.7897403419886,8.24692682772877,12.0880653207939,15.3208097756703,19.7066461267606,23.4602326085386,27.7116390491445,32.7530319280587,37.7287730078029,42.6290676175383,48.2621690749921,53.9086792064431,56.4556642753935,63.0907922700539,..
Antiretroviral therapy coverage (% of people living with HIV),SH.HIV.ARTC.ZS,France,FRA,..,..,..,..,..,..,..,..,..,..,..,..,..,..,..,..,..,..,..,..,..,..,..,..,..,..,..,..,..,..,..,..,..,..,..,..,..,..,..,..,70,74,75,75,76,78,80,82,84,82,81,80,78,77,77,78,78,80,81,82,..
Antiretroviral therapy coverage (% of people living with HIV),SH.HIV.ARTC.ZS,French Polynesia,PYF,..,..,..,..,..,..,..,..,..,..,..,..,..,..,..,..,..,..,..,..,..,..,..,..,..,..,..,..,..,..,..,..,..,..,..,..,..,..,..,..,..,..,..,..,..,..,..,..,..,..,..,..,..,..,..,..,..,..,..,..,..
Antiretroviral therapy coverage (% of people living with HIV),SH.HIV.ARTC.ZS,Gabon,GAB,..,..,..,..,..,..,..,..,..,..,..,..,..,..,..,..,..,..,..,..,..,..,..,..,..,..,..,..,..,..,..,..,..,..,..,..,..,..,..,..,0,0,1,2,6,12,14,16,19,24,25,28,32,42,45,54,60,66,70,51,..
Antiretroviral therapy coverage (% of people living with HIV),SH.HIV.ARTC.ZS,"Gambia, The",GMB,..,..,..,..,..,..,..,..,..,..,..,..,..,..,..,..,..,..,..,..,..,..,..,..,..,..,..,..,..,..,..,..,..,..,..,..,..,..,..,..,0,0,0,0,0,2,2,3,5,6,10,15,18,18,19,20,24,26,28,29,..
Antiretroviral therapy coverage (% of people living with HIV),SH.HIV.ARTC.ZS,Georgia,GEO,..,..,..,..,..,..,..,..,..,..,..,..,..,..,..,..,..,..,..,..,..,..,..,..,..,..,..,..,..,..,..,..,..,..,..,..,..,..,..,..,..,..,..,..,..,..,..,..,..,..,..,..,..,..,..,..,..,..,..,..,..
Antiretroviral therapy coverage (% of people living with HIV),SH.HIV.ARTC.ZS,Germany,DEU,..,..,..,..,..,..,..,..,..,..,..,..,..,..,..,..,..,..,..,..,..,..,..,..,..,..,..,..,..,..,..,..,..,..,..,..,..,..,..,..,..,..,..,..,..,..,..,..,..,..,..,..,..,..,..,..,..,..,..,..,..
Antiretroviral therapy coverage (% of people living with HIV),SH.HIV.ARTC.ZS,Ghana,GHA,..,..,..,..,..,..,..,..,..,..,..,..,..,..,..,..,..,..,..,..,..,..,..,..,..,..,..,..,..,..,..,..,..,..,..,..,..,..,..,..,0,0,0,0,1,1,3,4,8,11,14,20,23,24,26,25,28,31,33,45,..
Antiretroviral therapy coverage (% of people living with HIV),SH.HIV.ARTC.ZS,Gibraltar,GIB,..,..,..,..,..,..,..,..,..,..,..,..,..,..,..,..,..,..,..,..,..,..,..,..,..,..,..,..,..,..,..,..,..,..,..,..,..,..,..,..,..,..,..,..,..,..,..,..,..,..,..,..,..,..,..,..,..,..,..,..,..
Antiretroviral therapy coverage (% of people living with HIV),SH.HIV.ARTC.ZS,Greece,GRC,..,..,..,..,..,..,..,..,..,..,..,..,..,..,..,..,..,..,..,..,..,..,..,..,..,..,..,..,..,..,..,..,..,..,..,..,..,..,..,..,..,..,..,..,..,..,..,..,..,..,..,..,..,..,..,..,..,..,..,..,..
Antiretroviral therapy coverage (% of people living with HIV),SH.HIV.ARTC.ZS,Greenland,GRL,..,..,..,..,..,..,..,..,..,..,..,..,..,..,..,..,..,..,..,..,..,..,..,..,..,..,..,..,..,..,..,..,..,..,..,..,..,..,..,..,..,..,..,..,..,..,..,..,..,..,..,..,..,..,..,..,..,..,..,..,..
Antiretroviral therapy coverage (% of people living with HIV),SH.HIV.ARTC.ZS,Grenada,GRD,..,..,..,..,..,..,..,..,..,..,..,..,..,..,..,..,..,..,..,..,..,..,..,..,..,..,..,..,..,..,..,..,..,..,..,..,..,..,..,..,..,..,..,..,..,..,..,..,..,..,..,..,..,..,..,..,..,..,..,..,..
Antiretroviral therapy coverage (% of people living with HIV),SH.HIV.ARTC.ZS,Guam,GUM,..,..,..,..,..,..,..,..,..,..,..,..,..,..,..,..,..,..,..,..,..,..,..,..,..,..,..,..,..,..,..,..,..,..,..,..,..,..,..,..,..,..,..,..,..,..,..,..,..,..,..,..,..,..,..,..,..,..,..,..,..
Antiretroviral therapy coverage (% of people living with HIV),SH.HIV.ARTC.ZS,Guatemala,GTM,..,..,..,..,..,..,..,..,..,..,..,..,..,..,..,..,..,..,..,..,..,..,..,..,..,..,..,..,..,..,..,..,..,..,..,..,..,..,..,..,0,0,0,12,11,11,16,25,31,32,35,38,42,44,45,44,45,49,54,58,..
Antiretroviral therapy coverage (% of people living with HIV),SH.HIV.ARTC.ZS,Guinea,GIN,..,..,..,..,..,..,..,..,..,..,..,..,..,..,..,..,..,..,..,..,..,..,..,..,..,..,..,..,..,..,..,..,..,..,..,..,..,..,..,..,0,0,0,0,1,1,3,4,8,11,14,20,23,24,26,25,28,31,33,45,..
Antiretroviral therapy coverage (% of people living with HIV),SH.HIV.ARTC.ZS,Guinea-Bissau,GNB,..,..,..,..,..,..,..,..,..,..,..,..,..,..,..,..,..,..,..,..,..,..,..,..,..,..,..,..,..,..,..,..,..,..,..,..,..,..,..,..,0,0,0,0,0,0,1,3,6,8,11,14,18,18,21,24,30,30,36,41,..
Antiretroviral therapy coverage (% of people living with HIV),SH.HIV.ARTC.ZS,Guyana,GUY,..,..,..,..,..,..,..,..,..,..,..,..,..,..,..,..,..,..,..,..,..,..,..,..,..,..,..,..,..,..,..,..,..,..,..,..,..,..,..,..,0,0,0,3,11,23,28,32,39,42,44,47,50,53,54,56,59,62,65,69,..
Antiretroviral therapy coverage (% of people living with HIV),SH.HIV.ARTC.ZS,Haiti,HTI,..,..,..,..,..,..,..,..,..,..,..,..,..,..,..,..,..,..,..,..,..,..,..,..,..,..,..,..,..,..,..,..,..,..,..,..,..,..,..,..,0,0,1,1,1,3,7,10,14,19,21,24,30,37,42,46,55,62,59,71,..
Antiretroviral therapy coverage (% of people living with HIV),SH.HIV.ARTC.ZS,Heavily indebted poor countries (HIPC),HPC,..,..,..,..,..,..,..,..,..,..,..,..,..,..,..,..,..,..,..,..,..,..,..,..,..,..,..,..,..,..,..,..,..,..,..,..,..,..,..,..,0,0.1099421761977,0.206353533921502,0.567330109662378,1.90351629968389,3.84833878464452,5.98834774885275,10.0287200527511,14.079167226049,17.5927055069459,21.1949395635918,24.9990452217689,30.0501742026877,35.1604709146467,41.079104993901,45.944596793771,51.6317908674842,57.6297024897956,62.3526016972957,69.0539185372132,..
Antiretroviral therapy coverage (% of people living with HIV),SH.HIV.ARTC.ZS,High income,HIC,..,..,..,..,..,..,..,..,..,..,..,..,..,..,..,..,..,..,..,..,..,..,..,..,..,..,..,..,..,..,..,..,..,..,..,..,..,..,..,..,..,..,..,..,..,..,..,..,..,..,..,..,..,..,..,..,..,..,..,..,..
Antiretroviral therapy coverage (% of people living with HIV),SH.HIV.ARTC.ZS,Honduras,HND,..,..,..,..,..,..,..,..,..,..,..,..,..,..,..,..,..,..,..,..,..,..,..,..,..,..,..,..,..,..,..,..,..,..,..,..,..,..,..,..,0,0,1,7,9,13,17,21,24,28,31,34,37,40,41,44,45,47,48,48,..
Antiretroviral therapy coverage (% of people living with HIV),SH.HIV.ARTC.ZS,"Hong Kong SAR, China",HKG,..,..,..,..,..,..,..,..,..,..,..,..,..,..,..,..,..,..,..,..,..,..,..,..,..,..,..,..,..,..,..,..,..,..,..,..,..,..,..,..,..,..,..,..,..,..,..,..,..,..,..,..,..,..,..,..,..,..,..,..,..
Antiretroviral therapy coverage (% of people living with HIV),SH.HIV.ARTC.ZS,Hungary,HUN,..,..,..,..,..,..,..,..,..,..,..,..,..,..,..,..,..,..,..,..,..,..,..,..,..,..,..,..,..,..,..,..,..,..,..,..,..,..,..,..,..,..,..,..,..,..,..,..,..,..,..,..,..,..,..,..,..,..,..,..,..
Antiretroviral therapy coverage (% of people living with HIV),SH.HIV.ARTC.ZS,Iceland,ISL,..,..,..,..,..,..,..,..,..,..,..,..,..,..,..,..,..,..,..,..,..,..,..,..,..,..,..,..,..,..,..,..,..,..,..,..,..,..,..,..,..,..,..,..,..,..,..,..,..,..,..,..,..,..,..,..,..,..,..,..,..
Antiretroviral therapy coverage (% of people living with HIV),SH.HIV.ARTC.ZS,India,IND,..,..,..,..,..,..,..,..,..,..,..,..,..,..,..,..,..,..,..,..,..,..,..,..,..,..,..,..,..,..,..,..,..,..,..,..,..,..,..,..,..,..,..,..,..,..,..,..,..,..,..,..,..,..,..,..,..,..,..,..,..
Antiretroviral therapy coverage (% of people living with HIV),SH.HIV.ARTC.ZS,Indonesia,IDN,..,..,..,..,..,..,..,..,..,..,..,..,..,..,..,..,..,..,..,..,..,..,..,..,..,..,..,..,..,..,..,..,..,..,..,..,..,..,..,..,..,..,..,..,..,..,..,..,..,..,..,..,..,..,..,..,..,..,..,..,..
Antiretroviral therapy coverage (% of people living with HIV),SH.HIV.ARTC.ZS,"Iran, Islamic Rep.",IRN,..,..,..,..,..,..,..,..,..,..,..,..,..,..,..,..,..,..,..,..,..,..,..,..,..,..,..,..,..,..,..,..,..,..,..,..,..,..,..,..,0,0,0,0,1,1,1,2,2,3,4,5,7,9,11,14,17,19,21,25,..
Antiretroviral therapy coverage (% of people living with HIV),SH.HIV.ARTC.ZS,Iraq,IRQ,..,..,..,..,..,..,..,..,..,..,..,..,..,..,..,..,..,..,..,..,..,..,..,..,..,..,..,..,..,..,..,..,..,..,..,..,..,..,..,..,..,..,..,..,..,..,..,..,..,..,..,..,..,..,..,..,..,..,..,..,..
Antiretroviral therapy coverage (% of people living with HIV),SH.HIV.ARTC.ZS,Ireland,IRL,..,..,..,..,..,..,..,..,..,..,..,..,..,..,..,..,..,..,..,..,..,..,..,..,..,..,..,..,..,..,..,..,..,..,..,..,..,..,..,..,..,..,..,..,..,..,..,..,..,..,..,..,..,..,..,..,..,..,..,..,..
Antiretroviral therapy coverage (% of people living with HIV),SH.HIV.ARTC.ZS,Isle of Man,IMN,..,..,..,..,..,..,..,..,..,..,..,..,..,..,..,..,..,..,..,..,..,..,..,..,..,..,..,..,..,..,..,..,..,..,..,..,..,..,..,..,..,..,..,..,..,..,..,..,..,..,..,..,..,..,..,..,..,..,..,..,..
Antiretroviral therapy coverage (% of people living with HIV),SH.HIV.ARTC.ZS,Israel,ISR,..,..,..,..,..,..,..,..,..,..,..,..,..,..,..,..,..,..,..,..,..,..,..,..,..,..,..,..,..,..,..,..,..,..,..,..,..,..,..,..,..,..,..,..,..,..,..,..,..,..,..,..,..,..,..,..,..,..,..,..,..
Antiretroviral therapy coverage (% of people living with HIV),SH.HIV.ARTC.ZS,Italy,ITA,..,..,..,..,..,..,..,..,..,..,..,..,..,..,..,..,..,..,..,..,..,..,..,..,..,..,..,..,..,..,..,..,..,..,..,..,..,..,..,..,32,37,41,45,48,50,53,56,59,61,64,67,69,72,74,76,78,84,90,90,..
Antiretroviral therapy coverage (% of people living with HIV),SH.HIV.ARTC.ZS,Jamaica,JAM,..,..,..,..,..,..,..,..,..,..,..,..,..,..,..,..,..,..,..,..,..,..,..,..,..,..,..,..,..,..,..,..,..,..,..,..,..,..,..,..,0,0,0,0,1,6,8,11,14,19,21,23,26,30,31,33,35,38,40,44,..
Antiretroviral therapy coverage (% of people living with HIV),SH.HIV.ARTC.ZS,Japan,JPN,..,..,..,..,..,..,..,..,..,..,..,..,..,..,..,..,..,..,..,..,..,..,..,..,..,..,..,..,..,..,..,..,..,..,..,..,..,..,..,..,..,..,..,..,..,..,..,..,..,..,..,..,..,..,..,..,..,..,..,..,..
Antiretroviral therapy coverage (% of people living with HIV),SH.HIV.ARTC.ZS,Jordan,JOR,..,..,..,..,..,..,..,..,..,..,..,..,..,..,..,..,..,..,..,..,..,..,..,..,..,..,..,..,..,..,..,..,..,..,..,..,..,..,..,..,..,..,..,..,..,..,..,..,..,..,..,..,..,..,..,..,..,..,..,..,..
Antiretroviral therapy coverage (% of people living with HIV),SH.HIV.ARTC.ZS,Kazakhstan,KAZ,..,..,..,..,..,..,..,..,..,..,..,..,..,..,..,..,..,..,..,..,..,..,..,..,..,..,..,..,..,..,..,..,..,..,..,..,..,..,..,..,0,0,0,0,0,3,3,4,5,8,10,13,16,20,23,28,32,41,49,52,..
Antiretroviral therapy coverage (% of people living with HIV),SH.HIV.ARTC.ZS,Kenya,KEN,..,..,..,..,..,..,..,..,..,..,..,..,..,..,..,..,..,..,..,..,..,..,..,..,..,..,..,..,..,..,..,..,..,..,..,..,..,..,..,..,0,0,0,0,2,4,9,13,18,24,31,38,42,45,52,61,69,75,71,74,..
Antiretroviral therapy coverage (% of people living with HIV),SH.HIV.ARTC.ZS,Kiribati,KIR,..,..,..,..,..,..,..,..,..,..,..,..,..,..,..,..,..,..,..,..,..,..,..,..,..,..,..,..,..,..,..,..,..,..,..,..,..,..,..,..,..,..,..,..,..,..,..,..,..,..,..,..,..,..,..,..,..,..,..,..,..
Antiretroviral therapy coverage (% of people living with HIV),SH.HIV.ARTC.ZS,"Korea, Dem. People’s Rep.",PRK,..,..,..,..,..,..,..,..,..,..,..,..,..,..,..,..,..,..,..,..,..,..,..,..,..,..,..,..,..,..,..,..,..,..,..,..,..,..,..,..,..,..,..,..,..,..,..,..,..,..,..,..,..,..,..,..,..,..,..,..,..
Antiretroviral therapy coverage (% of people living with HIV),SH.HIV.ARTC.ZS,"Korea, Rep.",KOR,..,..,..,..,..,..,..,..,..,..,..,..,..,..,..,..,..,..,..,..,..,..,..,..,..,..,..,..,..,..,..,..,..,..,..,..,..,..,..,..,..,..,..,..,..,..,..,..,..,..,..,..,..,..,..,..,..,..,..,..,..
Antiretroviral therapy coverage (% of people living with HIV),SH.HIV.ARTC.ZS,Kosovo,XKX,..,..,..,..,..,..,..,..,..,..,..,..,..,..,..,..,..,..,..,..,..,..,..,..,..,..,..,..,..,..,..,..,..,..,..,..,..,..,..,..,..,..,..,..,..,..,..,..,..,..,..,..,..,..,..,..,..,..,..,..,..
Antiretroviral therapy coverage (% of people living with HIV),SH.HIV.ARTC.ZS,Kuwait,KWT,..,..,..,..,..,..,..,..,..,..,..,..,..,..,..,..,..,..,..,..,..,..,..,..,..,..,..,..,..,..,..,..,..,..,..,..,..,..,..,..,..,..,..,..,..,..,..,..,..,..,..,..,..,..,..,..,..,..,..,..,..
Antiretroviral therapy coverage (% of people living with HIV),SH.HIV.ARTC.ZS,Kyrgyz Republic,KGZ,..,..,..,..,..,..,..,..,..,..,..,..,..,..,..,..,..,..,..,..,..,..,..,..,..,..,..,..,..,..,..,..,..,..,..,..,..,..,..,..,0,0,0,0,0,2,2,3,4,7,9,10,12,18,25,28,32,36,39,40,..
Antiretroviral therapy coverage (% of people living with HIV),SH.HIV.ARTC.ZS,Lao PDR,LAO,..,..,..,..,..,..,..,..,..,..,..,..,..,..,..,..,..,..,..,..,..,..,..,..,..,..,..,..,..,..,..,..,..,..,..,..,..,..,..,..,0,0,0,1,4,6,9,11,15,18,19,21,24,26,30,34,39,46,51,56,..
Antiretroviral therapy coverage (% of people living with HIV),SH.HIV.ARTC.ZS,Late-demographic dividend,LTE,..,..,..,..,..,..,..,..,..,..,..,..,..,..,..,..,..,..,..,..,..,..,..,..,..,..,..,..,..,..,..,..,..,..,..,..,..,..,..,..,..,..,..,..,..,..,..,..,..,..,..,..,..,..,..,..,..,..,..,..,..
Antiretroviral therapy coverage (% of people living with HIV),SH.HIV.ARTC.ZS,Latin America & Caribbean,LCN,..,..,..,..,..,..,..,..,..,..,..,..,..,..,..,..,..,..,..,..,..,..,..,..,..,..,..,..,..,..,..,..,..,..,..,..,..,..,..,..,1.19969525858206,1.55507357319044,2.62569015914258,3.71859335839599,4.62780269058296,6.42764610628588,8.97757847533632,11.2804759254105,13.5336128770459,17.0813831873448,19.3795314583201,20.6051603299634,24.9632689450223,28.4688959354281,32.5424174594292,38.3226318092321,43.3033618354666,47.6245679203426,53.7285017841886,60.6396861751377,..
Antiretroviral therapy coverage (% of people living with HIV),SH.HIV.ARTC.ZS,Latin America & Caribbean (excluding high income),LAC,..,..,..,..,..,..,..,..,..,..,..,..,..,..,..,..,..,..,..,..,..,..,..,..,..,..,..,..,..,..,..,..,..,..,..,..,..,..,..,..,1.06294155427103,1.38426006623671,2.37425049966689,3.39710727199679,4.25872433445234,5.92514743686678,8.50179368914269,10.7629995702621,13.0355252159376,16.5962419181034,18.8780695435793,20.0958816370973,24.4063248388087,27.8373396957948,31.972347826087,37.8978098048116,42.8996633368287,47.1555066315846,53.3732907214334,60.422296782065,..
Antiretroviral therapy coverage (% of people living with HIV),SH.HIV.ARTC.ZS,Latin America & the Caribbean (IDA & IBRD countries),TLA,..,..,..,..,..,..,..,..,..,..,..,..,..,..,..,..,..,..,..,..,..,..,..,..,..,..,..,..,..,..,..,..,..,..,..,..,..,..,..,..,1.20044984255511,1.53228561667236,2.57660303475281,3.64748031496063,4.54098486007035,6.33511190158589,8.859028624722,11.156539433062,13.3857708589376,16.933654607869,19.2091008279315,20.385803050273,24.7605777911526,28.2601811276658,32.2947219069239,38.0426890196514,43.0362283681061,47.3514122517424,53.4551488231991,60.3963665165091,..
Antiretroviral therapy coverage (% of people living with HIV),SH.HIV.ARTC.ZS,Latvia,LVA,..,..,..,..,..,..,..,..,..,..,..,..,..,..,..,..,..,..,..,..,..,..,..,..,..,..,..,..,..,..,..,..,..,..,..,..,..,..,..,..,32,37,41,45,48,50,53,56,59,61,64,67,69,72,74,76,78,84,90,90,..
Antiretroviral therapy coverage (% of people living with HIV),SH.HIV.ARTC.ZS,Least developed countries: UN classification,LDC,..,..,..,..,..,..,..,..,..,..,..,..,..,..,..,..,..,..,..,..,..,..,..,..,..,..,..,..,..,..,..,..,..,..,..,..,..,..,..,..,0,0.118478247995357,0.14738860503455,0.531020112130596,1.82177841288865,3.76176584543155,6.05462846171878,10.3447738080856,14.3214969651725,17.8224661893397,21.6642637516325,25.3964817185375,30.6729079363192,36.1007920409543,42.3013699911161,47.2334911100654,52.4814375,57.9248674443266,62.4827636993719,68.710082248581,..
Antiretroviral therapy coverage (% of people living with HIV),SH.HIV.ARTC.ZS,Lebanon,LBN,..,..,..,..,..,..,..,..,..,..,..,..,..,..,..,..,..,..,..,..,..,..,..,..,..,..,..,..,..,..,..,..,..,..,..,..,..,..,..,..,..,..,..,..,..,..,..,..,..,..,..,..,..,..,..,..,..,..,..,..,..
Antiretroviral therapy coverage (% of people living with HIV),SH.HIV.ARTC.ZS,Lesotho,LSO,..,..,..,..,..,..,..,..,..,..,..,..,..,..,..,..,..,..,..,..,..,..,..,..,..,..,..,..,..,..,..,..,..,..,..,..,..,..,..,..,0,0,0,0,1,3,6,14,19,25,31,37,44,50,56,59,62,63,64,65,..
Antiretroviral therapy coverage (% of people living with HIV),SH.HIV.ARTC.ZS,Liberia,LBR,..,..,..,..,..,..,..,..,..,..,..,..,..,..,..,..,..,..,..,..,..,..,..,..,..,..,..,..,..,..,..,..,..,..,..,..,..,..,..,..,0,0,0,0,0,0,2,3,4,6,9,12,11,13,14,15,17,25,30,33,..
Antiretroviral therapy coverage (% of people living with HIV),SH.HIV.ARTC.ZS,Libya,LBY,..,..,..,..,..,..,..,..,..,..,..,..,..,..,..,..,..,..,..,..,..,..,..,..,..,..,..,..,..,..,..,..,..,..,..,..,..,..,..,..,16,16,17,13,17,18,19,21,24,28,30,30,31,32,34,37,35,35,34,34,..
Antiretroviral therapy coverage (% of people living with HIV),SH.HIV.ARTC.ZS,Liechtenstein,LIE,..,..,..,..,..,..,..,..,..,..,..,..,..,..,..,..,..,..,..,..,..,..,..,..,..,..,..,..,..,..,..,..,..,..,..,..,..,..,..,..,..,..,..,..,..,..,..,..,..,..,..,..,..,..,..,..,..,..,..,..,..
Antiretroviral therapy coverage (% of people living with HIV),SH.HIV.ARTC.ZS,Lithuania,LTU,..,..,..,..,..,..,..,..,..,..,..,..,..,..,..,..,..,..,..,..,..,..,..,..,..,..,..,..,..,..,..,..,..,..,..,..,..,..,..,..,32,37,41,45,48,50,53,56,59,61,64,67,69,72,74,76,78,84,90,90,..
Antiretroviral therapy coverage (% of people living with HIV),SH.HIV.ARTC.ZS,Low & middle income,LMY,..,..,..,..,..,..,..,..,..,..,..,..,..,..,..,..,..,..,..,..,..,..,..,..,..,..,..,..,..,..,..,..,..,..,..,..,..,..,..,..,..,..,..,..,..,..,..,..,..,..,..,..,..,..,..,..,..,..,..,..,..
Antiretroviral therapy coverage (% of people living with HIV),SH.HIV.ARTC.ZS,Low income,LIC,..,..,..,..,..,..,..,..,..,..,..,..,..,..,..,..,..,..,..,..,..,..,..,..,..,..,..,..,..,..,..,..,..,..,..,..,..,..,..,..,0,0.175549469840601,0.219344056820556,0.474969224456299,1.80547637557226,3.83429820516761,5.78384663942324,9.02130024684093,13.0842749836708,16.2328122750036,19.9855561721544,23.5573405608382,27.8908967698215,33.5431407889764,39.5237007424329,43.9493851712837,50.0238575683949,56.1836308959389,59.9672043727503,66.4848406322882,..
Antiretroviral therapy coverage (% of people living with HIV),SH.HIV.ARTC.ZS,Lower middle income,LMC,..,..,..,..,..,..,..,..,..,..,..,..,..,..,..,..,..,..,..,..,..,..,..,..,..,..,..,..,..,..,..,..,..,..,..,..,..,..,..,..,..,..,..,..,..,..,..,..,..,..,..,..,..,..,..,..,..,..,..,..,..
Antiretroviral therapy coverage (% of people living with HIV),SH.HIV.ARTC.ZS,Luxembourg,LUX,..,..,..,..,..,..,..,..,..,..,..,..,..,..,..,..,..,..,..,..,..,..,..,..,..,..,..,..,..,..,..,..,..,..,..,..,..,..,..,..,..,..,..,..,..,..,..,..,..,..,..,..,..,..,..,..,..,..,..,..,..
Antiretroviral therapy coverage (% of people living with HIV),SH.HIV.ARTC.ZS,"Macao SAR, China",MAC,..,..,..,..,..,..,..,..,..,..,..,..,..,..,..,..,..,..,..,..,..,..,..,..,..,..,..,..,..,..,..,..,..,..,..,..,..,..,..,..,..,..,..,..,..,..,..,..,..,..,..,..,..,..,..,..,..,..,..,..,..
Antiretroviral therapy coverage (% of people living with HIV),SH.HIV.ARTC.ZS,Madagascar,MDG,..,..,..,..,..,..,..,..,..,..,..,..,..,..,..,..,..,..,..,..,..,..,..,..,..,..,..,..,..,..,..,..,..,..,..,..,..,..,..,..,0,0,0,0,1,1,2,2,2,3,3,3,3,3,4,5,6,8,10,13,..
Antiretroviral therapy coverage (% of people living with HIV),SH.HIV.ARTC.ZS,Malawi,MWI,..,..,..,..,..,..,..,..,..,..,..,..,..,..,..,..,..,..,..,..,..,..,..,..,..,..,..,..,..,..,..,..,..,..,..,..,..,..,..,..,0,0,0,0,1,3,7,11,17,22,28,35,43,49,55,60,67,73,78,79,..
Antiretroviral therapy coverage (% of people living with HIV),SH.HIV.ARTC.ZS,Malaysia,MYS,..,..,..,..,..,..,..,..,..,..,..,..,..,..,..,..,..,..,..,..,..,..,..,..,..,..,..,..,..,..,..,..,..,..,..,..,..,..,..,..,0,2,4,6,8,10,12,14,15,17,18,20,20,23,28,33,45,48,49,50,..
Antiretroviral therapy coverage (% of people living with HIV),SH.HIV.ARTC.ZS,Maldives,MDV,..,..,..,..,..,..,..,..,..,..,..,..,..,..,..,..,..,..,..,..,..,..,..,..,..,..,..,..,..,..,..,..,..,..,..,..,..,..,..,..,..,..,..,..,..,..,..,..,..,..,..,..,..,..,..,..,..,..,..,..,..
Antiretroviral therapy coverage (% of people living with HIV),SH.HIV.ARTC.ZS,Mali,MLI,..,..,..,..,..,..,..,..,..,..,..,..,..,..,..,..,..,..,..,..,..,..,..,..,..,..,..,..,..,..,..,..,..,..,..,..,..,..,..,..,0,0,0,1,3,3,7,11,15,19,21,24,23,23,24,26,28,30,33,36,..
Antiretroviral therapy coverage (% of people living with HIV),SH.HIV.ARTC.ZS,Malta,MLT,..,..,..,..,..,..,..,..,..,..,..,..,..,..,..,..,..,..,..,..,..,..,..,..,..,..,..,..,..,..,..,..,..,..,..,..,..,..,..,..,..,..,..,..,..,..,..,..,..,..,..,..,..,..,..,..,..,..,..,..,..
Antiretroviral therapy coverage (% of people living with HIV),SH.HIV.ARTC.ZS,Marshall Islands,MHL,..,..,..,..,..,..,..,..,..,..,..,..,..,..,..,..,..,..,..,..,..,..,..,..,..,..,..,..,..,..,..,..,..,..,..,..,..,..,..,..,..,..,..,..,..,..,..,..,..,..,..,..,..,..,..,..,..,..,..,..,..
Antiretroviral therapy coverage (% of people living with HIV),SH.HIV.ARTC.ZS,Mauritania,MRT,..,..,..,..,..,..,..,..,..,..,..,..,..,..,..,..,..,..,..,..,..,..,..,..,..,..,..,..,..,..,..,..,..,..,..,..,..,..,..,..,0,0,0,0,1,3,7,11,15,19,23,25,26,32,35,39,42,50,52,57,..
Antiretroviral therapy coverage (% of people living with HIV),SH.HIV.ARTC.ZS,Mauritius,MUS,..,..,..,..,..,..,..,..,..,..,..,..,..,..,..,..,..,..,..,..,..,..,..,..,..,..,..,..,..,..,..,..,..,..,..,..,..,..,..,..,0,0,1,1,1,2,3,3,4,5,6,12,14,16,21,23,23,24,25,25,..
Antiretroviral therapy coverage (% of people living with HIV),SH.HIV.ARTC.ZS,Mexico,MEX,..,..,..,..,..,..,..,..,..,..,..,..,..,..,..,..,..,..,..,..,..,..,..,..,..,..,..,..,..,..,..,..,..,..,..,..,..,..,..,..,..,..,..,..,..,..,..,..,..,..,..,..,..,..,..,..,..,..,..,..,..
Antiretroviral therapy coverage (% of people living with HIV),SH.HIV.ARTC.ZS,"Micronesia, Fed. Sts.",FSM,..,..,..,..,..,..,..,..,..,..,..,..,..,..,..,..,..,..,..,..,..,..,..,..,..,..,..,..,..,..,..,..,..,..,..,..,..,..,..,..,..,..,..,..,..,..,..,..,..,..,..,..,..,..,..,..,..,..,..,..,..
Antiretroviral therapy coverage (% of people living with HIV),SH.HIV.ARTC.ZS,Middle East & North Africa,MEA,..,..,..,..,..,..,..,..,..,..,..,..,..,..,..,..,..,..,..,..,..,..,..,..,..,..,..,..,..,..,..,..,..,..,..,..,..,..,..,..,0.65439672801636,0.800369685767098,0.939837398373984,2.37849779086892,3.16485013623978,3.80357142857143,5.11214953271028,6.34628190899001,7.33298538622129,9.09190809190809,11.266604303087,12.8485663082437,15.6295025728988,18.6492232215863,21.9180834621329,25.7422451994092,29.5816254416961,32.6026755852843,35.9582013932869,39.0647307924985,..
Antiretroviral therapy coverage (% of people living with HIV),SH.HIV.ARTC.ZS,Middle East & North Africa (excluding high income),MNA,..,..,..,..,..,..,..,..,..,..,..,..,..,..,..,..,..,..,..,..,..,..,..,..,..,..,..,..,..,..,..,..,..,..,..,..,..,..,..,..,0.673684210526316,0.821631878557875,0.963333333333333,2.31523378582202,3.07938718662953,3.71614583333333,5.01311084624553,6.25678733031674,7.2125398512221,8.96541200406918,11.1341579448145,12.6727438468551,15.40802092415,18.3940149625935,21.6362922230951,25.4231057764441,29.2117731514716,32.2214673913044,35.5099678456592,38.5896805896806,..
Antiretroviral therapy coverage (% of people living with HIV),SH.HIV.ARTC.ZS,Middle East & North Africa (IDA & IBRD countries),TMN,..,..,..,..,..,..,..,..,..,..,..,..,..,..,..,..,..,..,..,..,..,..,..,..,..,..,..,..,..,..,..,..,..,..,..,..,..,..,..,..,0.673684210526316,0.821631878557875,0.963333333333333,2.31523378582202,3.07938718662953,3.71614583333333,5.01311084624553,6.25678733031674,7.2125398512221,8.96541200406918,11.1341579448145,12.6727438468551,15.40802092415,18.3940149625935,21.6362922230951,25.4231057764441,29.2117731514716,32.2214673913044,35.5099678456592,38.5896805896806,..
Antiretroviral therapy coverage (% of people living with HIV),SH.HIV.ARTC.ZS,Middle income,MIC,..,..,..,..,..,..,..,..,..,..,..,..,..,..,..,..,..,..,..,..,..,..,..,..,..,..,..,..,..,..,..,..,..,..,..,..,..,..,..,..,..,..,..,..,..,..,..,..,..,..,..,..,..,..,..,..,..,..,..,..,..
Antiretroviral therapy coverage (% of people living with HIV),SH.HIV.ARTC.ZS,Moldova,MDA,..,..,..,..,..,..,..,..,..,..,..,..,..,..,..,..,..,..,..,..,..,..,..,..,..,..,..,..,..,..,..,..,..,..,..,..,..,..,..,..,0,0,0,0,1,2,3,4,6,8,10,13,15,18,22,27,31,36,41,46,..
Antiretroviral therapy coverage (% of people living with HIV),SH.HIV.ARTC.ZS,Monaco,MCO,..,..,..,..,..,..,..,..,..,..,..,..,..,..,..,..,..,..,..,..,..,..,..,..,..,..,..,..,..,..,..,..,..,..,..,..,..,..,..,..,..,..,..,..,..,..,..,..,..,..,..,..,..,..,..,..,..,..,..,..,..
Antiretroviral therapy coverage (% of people living with HIV),SH.HIV.ARTC.ZS,Mongolia,MNG,..,..,..,..,..,..,..,..,..,..,..,..,..,..,..,..,..,..,..,..,..,..,..,..,..,..,..,..,..,..,..,..,..,..,..,..,..,..,..,..,..,..,..,..,..,..,..,..,..,..,..,..,..,..,..,..,..,..,..,..,..
Antiretroviral therapy coverage (% of people living with HIV),SH.HIV.ARTC.ZS,Montenegro,MNE,..,..,..,..,..,..,..,..,..,..,..,..,..,..,..,..,..,..,..,..,..,..,..,..,..,..,..,..,..,..,..,..,..,..,..,..,..,..,..,..,0,0,0,0,0,2,2,3,4,7,9,10,12,18,25,28,32,36,39,40,..
Antiretroviral therapy coverage (% of people living with HIV),SH.HIV.ARTC.ZS,Morocco,MAR,..,..,..,..,..,..,..,..,..,..,..,..,..,..,..,..,..,..,..,..,..,..,..,..,..,..,..,..,..,..,..,..,..,..,..,..,..,..,..,..,0,0,0,5,7,8,10,11,14,16,19,23,29,34,39,46,53,57,65,70,..
Antiretroviral therapy coverage (% of people living with HIV),SH.HIV.ARTC.ZS,Mozambique,MOZ,..,..,..,..,..,..,..,..,..,..,..,..,..,..,..,..,..,..,..,..,..,..,..,..,..,..,..,..,..,..,..,..,..,..,..,..,..,..,..,..,0,0,0,0,1,2,3,7,10,11,14,16,18,25,31,37,44,50,56,60,..
Antiretroviral therapy coverage (% of people living with HIV),SH.HIV.ARTC.ZS,Myanmar,MMR,..,..,..,..,..,..,..,..,..,..,..,..,..,..,..,..,..,..,..,..,..,..,..,..,..,..,..,..,..,..,..,..,..,..,..,..,..,..,..,..,0,0,0,0,0,1,3,5,7,9,13,17,23,28,36,44,53,61,69,76,..
Antiretroviral therapy coverage (% of people living with HIV),SH.HIV.ARTC.ZS,Namibia,NAM,..,..,..,..,..,..,..,..,..,..,..,..,..,..,..,..,..,..,..,..,..,..,..,..,..,..,..,..,..,..,..,..,..,..,..,..,..,..,..,..,0,0,0,0,3,8,16,26,33,36,42,50,55,59,58,65,65,74,78,85,..
Antiretroviral therapy coverage (% of people living with HIV),SH.HIV.ARTC.ZS,Nauru,NRU,..,..,..,..,..,..,..,..,..,..,..,..,..,..,..,..,..,..,..,..,..,..,..,..,..,..,..,..,..,..,..,..,..,..,..,..,..,..,..,..,..,..,..,..,..,..,..,..,..,..,..,..,..,..,..,..,..,..,..,..,..
Antiretroviral therapy coverage (% of people living with HIV),SH.HIV.ARTC.ZS,Nepal,NPL,..,..,..,..,..,..,..,..,..,..,..,..,..,..,..,..,..,..,..,..,..,..,..,..,..,..,..,..,..,..,..,..,..,..,..,..,..,..,..,..,0,0,0,0,0,1,2,4,8,11,15,21,25,30,36,41,46,53,58,63,..
Antiretroviral therapy coverage (% of people living with HIV),SH.HIV.ARTC.ZS,Netherlands,NLD,..,..,..,..,..,..,..,..,..,..,..,..,..,..,..,..,..,..,..,..,..,..,..,..,..,..,..,..,..,..,..,..,..,..,..,..,..,..,..,..,43,46,48,49,50,51,52,54,57,61,64,67,70,73,76,79,81,83,85,87,..
Antiretroviral therapy coverage (% of people living with HIV),SH.HIV.ARTC.ZS,New Caledonia,NCL,..,..,..,..,..,..,..,..,..,..,..,..,..,..,..,..,..,..,..,..,..,..,..,..,..,..,..,..,..,..,..,..,..,..,..,..,..,..,..,..,..,..,..,..,..,..,..,..,..,..,..,..,..,..,..,..,..,..,..,..,..
Antiretroviral therapy coverage (% of people living with HIV),SH.HIV.ARTC.ZS,New Zealand,NZL,..,..,..,..,..,..,..,..,..,..,..,..,..,..,..,..,..,..,..,..,..,..,..,..,..,..,..,..,..,..,..,..,..,..,..,..,..,..,..,..,0,0,0,0,0,1,2,4,8,11,15,21,25,30,36,41,46,53,58,63,..
Antiretroviral therapy coverage (% of people living with HIV),SH.HIV.ARTC.ZS,Nicaragua,NIC,..,..,..,..,..,..,..,..,..,..,..,..,..,..,..,..,..,..,..,..,..,..,..,..,..,..,..,..,..,..,..,..,..,..,..,..,..,..,..,..,0,0,0,0,1,3,5,8,11,14,17,22,26,28,33,37,42,47,54,59,..
Antiretroviral therapy coverage (% of people living with HIV),SH.HIV.ARTC.ZS,Niger,NER,..,..,..,..,..,..,..,..,..,..,..,..,..,..,..,..,..,..,..,..,..,..,..,..,..,..,..,..,..,..,..,..,..,..,..,..,..,..,..,..,0,0,0,0,0,2,4,6,7,17,20,26,31,34,32,37,45,55,59,61,..
Antiretroviral therapy coverage (% of people living with HIV),SH.HIV.ARTC.ZS,Nigeria,NGA,..,..,..,..,..,..,..,..,..,..,..,..,..,..,..,..,..,..,..,..,..,..,..,..,..,..,..,..,..,..,..,..,..,..,..,..,..,..,..,..,0,0,0,2,5,6,11,12,18,22,25,29,36,42,46,50,55,57,59,65,..
Antiretroviral therapy coverage (% of people living with HIV),SH.HIV.ARTC.ZS,North America,NAC,..,..,..,..,..,..,..,..,..,..,..,..,..,..,..,..,..,..,..,..,..,..,..,..,..,..,..,..,..,..,..,..,..,..,..,..,..,..,..,..,..,..,..,..,..,..,..,..,..,..,..,..,..,..,..,..,..,..,..,..,..
Antiretroviral therapy coverage (% of people living with HIV),SH.HIV.ARTC.ZS,North Macedonia,MKD,..,..,..,..,..,..,..,..,..,..,..,..,..,..,..,..,..,..,..,..,..,..,..,..,..,..,..,..,..,..,..,..,..,..,..,..,..,..,..,..,..,..,..,..,..,..,..,..,..,..,..,..,..,..,..,..,..,..,..,..,..
Antiretroviral therapy coverage (% of people living with HIV),SH.HIV.ARTC.ZS,Northern Mariana Islands,MNP,..,..,..,..,..,..,..,..,..,..,..,..,..,..,..,..,..,..,..,..,..,..,..,..,..,..,..,..,..,..,..,..,..,..,..,..,..,..,..,..,..,..,..,..,..,..,..,..,..,..,..,..,..,..,..,..,..,..,..,..,..
Antiretroviral therapy coverage (% of people living with HIV),SH.HIV.ARTC.ZS,Norway,NOR,..,..,..,..,..,..,..,..,..,..,..,..,..,..,..,..,..,..,..,..,..,..,..,..,..,..,..,..,..,..,..,..,..,..,..,..,..,..,..,..,..,..,..,..,..,..,..,..,..,..,..,..,..,..,..,..,..,..,..,..,..
Antiretroviral therapy coverage (% of people living with HIV),SH.HIV.ARTC.ZS,Not classified,INX,..,..,..,..,..,..,..,..,..,..,..,..,..,..,..,..,..,..,..,..,..,..,..,..,..,..,..,..,..,..,..,..,..,..,..,..,..,..,..,..,..,..,..,..,..,..,..,..,..,..,..,..,..,..,..,..,..,..,..,..,..
Antiretroviral therapy coverage (% of people living with HIV),SH.HIV.ARTC.ZS,OECD members,OED,..,..,..,..,..,..,..,..,..,..,..,..,..,..,..,..,..,..,..,..,..,..,..,..,..,..,..,..,..,..,..,..,..,..,..,..,..,..,..,..,..,..,..,..,..,..,..,..,..,..,..,..,..,..,..,..,..,..,..,..,..
Antiretroviral therapy coverage (% of people living with HIV),SH.HIV.ARTC.ZS,Oman,OMN,..,..,..,..,..,..,..,..,..,..,..,..,..,..,..,..,..,..,..,..,..,..,..,..,..,..,..,..,..,..,..,..,..,..,..,..,..,..,..,..,0,0,0,5,7,8,10,11,14,16,19,23,29,34,39,46,53,57,65,70,..
Antiretroviral therapy coverage (% of people living with HIV),SH.HIV.ARTC.ZS,Other small states,OSS,..,..,..,..,..,..,..,..,..,..,..,..,..,..,..,..,..,..,..,..,..,..,..,..,..,..,..,..,..,..,..,..,..,..,..,..,..,..,..,..,0,0.446605036659229,0.916093391703148,2.15511651469098,5.12543141702002,8.92128279883382,13.5632108280853,19.3754168210448,24.8258883712433,30.0845419172267,35.4640534063677,40.7810730882974,46.3460655737705,51.4625381036419,54.9274085725521,60.0976632249049,64.0727454294054,68.5838961827427,71.5215921892602,73.712532734755,..
Antiretroviral therapy coverage (% of people living with HIV),SH.HIV.ARTC.ZS,Pacific island small states,PSS,..,..,..,..,..,..,..,..,..,..,..,..,..,..,..,..,..,..,..,..,..,..,..,..,..,..,..,..,..,..,..,..,..,..,..,..,..,..,..,..,..,..,..,..,..,..,..,..,..,..,..,..,..,..,..,..,..,..,..,..,..
Antiretroviral therapy coverage (% of people living with HIV),SH.HIV.ARTC.ZS,Pakistan,PAK,..,..,..,..,..,..,..,..,..,..,..,..,..,..,..,..,..,..,..,..,..,..,..,..,..,..,..,..,..,..,..,..,..,..,..,..,..,..,..,..,0,1,3,4,4,1,1,2,2,2,3,3,3,3,4,5,6,8,9,12,..
Antiretroviral therapy coverage (% of people living with HIV),SH.HIV.ARTC.ZS,Palau,PLW,..,..,..,..,..,..,..,..,..,..,..,..,..,..,..,..,..,..,..,..,..,..,..,..,..,..,..,..,..,..,..,..,..,..,..,..,..,..,..,..,..,..,..,..,..,..,..,..,..,..,..,..,..,..,..,..,..,..,..,..,..
Antiretroviral therapy coverage (% of people living with HIV),SH.HIV.ARTC.ZS,Panama,PAN,..,..,..,..,..,..,..,..,..,..,..,..,..,..,..,..,..,..,..,..,..,..,..,..,..,..,..,..,..,..,..,..,..,..,..,..,..,..,..,..,..,..,..,..,..,..,..,..,..,..,..,..,..,..,..,..,..,..,..,..,..
Antiretroviral therapy coverage (% of people living with HIV),SH.HIV.ARTC.ZS,Papua New Guinea,PNG,..,..,..,..,..,..,..,..,..,..,..,..,..,..,..,..,..,..,..,..,..,..,..,..,..,..,..,..,..,..,..,..,..,..,..,..,..,..,..,..,0,0,0,0,0,1,5,12,16,20,23,27,32,39,46,50,54,56,60,62,..
Antiretroviral therapy coverage (% of people living with HIV),SH.HIV.ARTC.ZS,Paraguay,PRY,..,..,..,..,..,..,..,..,..,..,..,..,..,..,..,..,..,..,..,..,..,..,..,..,..,..,..,..,..,..,..,..,..,..,..,..,..,..,..,..,0,0,0,0,0,3,4,6,8,11,15,16,18,21,24,26,31,37,40,44,..
Antiretroviral therapy coverage (% of people living with HIV),SH.HIV.ARTC.ZS,Peru,PER,..,..,..,..,..,..,..,..,..,..,..,..,..,..,..,..,..,..,..,..,..,..,..,..,..,..,..,..,..,..,..,..,..,..,..,..,..,..,..,..,0,0,2,4,2,7,10,16,19,27,35,36,45,44,49,52,58,62,69,77,..
Antiretroviral therapy coverage (% of people living with HIV),SH.HIV.ARTC.ZS,Philippines,PHL,..,..,..,..,..,..,..,..,..,..,..,..,..,..,..,..,..,..,..,..,..,..,..,..,..,..,..,..,..,..,..,..,..,..,..,..,..,..,..,..,0,0,0,0,0,1,4,5,7,7,8,12,14,16,20,24,30,35,40,44,..
Antiretroviral therapy coverage (% of people living with HIV),SH.HIV.ARTC.ZS,Poland,POL,..,..,..,..,..,..,..,..,..,..,..,..,..,..,..,..,..,..,..,..,..,..,..,..,..,..,..,..,..,..,..,..,..,..,..,..,..,..,..,..,..,..,..,..,..,..,..,..,..,..,..,..,..,..,..,..,..,..,..,..,..
Antiretroviral therapy coverage (% of people living with HIV),SH.HIV.ARTC.ZS,Portugal,PRT,..,..,..,..,..,..,..,..,..,..,..,..,..,..,..,..,..,..,..,..,..,..,..,..,..,..,..,..,..,..,..,..,..,..,..,..,..,..,..,..,..,..,..,..,..,..,..,..,..,..,..,..,..,..,..,..,..,..,..,..,..
Antiretroviral therapy coverage (% of people living with HIV),SH.HIV.ARTC.ZS,Post-demographic dividend,PST,..,..,..,..,..,..,..,..,..,..,..,..,..,..,..,..,..,..,..,..,..,..,..,..,..,..,..,..,..,..,..,..,..,..,..,..,..,..,..,..,..,..,..,..,..,..,..,..,..,..,..,..,..,..,..,..,..,..,..,..,..
Antiretroviral therapy coverage (% of people living with HIV),SH.HIV.ARTC.ZS,Pre-demographic dividend,PRE,..,..,..,..,..,..,..,..,..,..,..,..,..,..,..,..,..,..,..,..,..,..,..,..,..,..,..,..,..,..,..,..,..,..,..,..,..,..,..,..,0,0.0973641690513734,0.163821420750459,0.666109666457009,2.24983420808307,4.02660536000667,6.56981461604235,10.0566612181848,14.1826917159711,17.697005096787,21.4096397631869,25.2652521414416,30.3992126048301,35.492003829932,41.3209701738139,46.6751901833119,52.2198625218016,57.8790498318734,61.5084094492663,67.3280811644121,..
Antiretroviral therapy coverage (% of people living with HIV),SH.HIV.ARTC.ZS,Puerto Rico,PRI,..,..,..,..,..,..,..,..,..,..,..,..,..,..,..,..,..,..,..,..,..,..,..,..,..,..,..,..,..,..,..,..,..,..,..,..,..,..,..,..,..,..,..,..,..,..,..,..,..,..,..,..,..,..,..,..,..,..,..,..,..
Antiretroviral therapy coverage (% of people living with HIV),SH.HIV.ARTC.ZS,Qatar,QAT,..,..,..,..,..,..,..,..,..,..,..,..,..,..,..,..,..,..,..,..,..,..,..,..,..,..,..,..,..,..,..,..,..,..,..,..,..,..,..,..,..,..,..,..,..,..,..,..,..,..,..,..,..,..,..,..,..,..,..,..,..
Antiretroviral therapy coverage (% of people living with HIV),SH.HIV.ARTC.ZS,Romania,ROU,..,..,..,..,..,..,..,..,..,..,..,..,..,..,..,..,..,..,..,..,..,..,..,..,..,..,..,..,..,..,..,..,..,..,..,..,..,..,..,..,47,52,57,54,52,51,49,48,49,49,49,49,50,54,57,61,62,64,65,68,..
Antiretroviral therapy coverage (% of people living with HIV),SH.HIV.ARTC.ZS,Russian Federation,RUS,..,..,..,..,..,..,..,..,..,..,..,..,..,..,..,..,..,..,..,..,..,..,..,..,..,..,..,..,..,..,..,..,..,..,..,..,..,..,..,..,..,..,..,..,..,..,..,..,..,..,..,..,..,..,..,..,..,..,..,..,..
Antiretroviral therapy coverage (% of people living with HIV),SH.HIV.ARTC.ZS,Rwanda,RWA,..,..,..,..,..,..,..,..,..,..,..,..,..,..,..,..,..,..,..,..,..,..,..,..,..,..,..,..,..,..,..,..,..,..,..,..,..,..,..,..,0,0,0,0,3,9,17,22,30,37,42,46,53,59,65,71,79,82,84,87,..
Antiretroviral therapy coverage (% of people living with HIV),SH.HIV.ARTC.ZS,Samoa,WSM,..,..,..,..,..,..,..,..,..,..,..,..,..,..,..,..,..,..,..,..,..,..,..,..,..,..,..,..,..,..,..,..,..,..,..,..,..,..,..,..,..,..,..,..,..,..,..,..,..,..,..,..,..,..,..,..,..,..,..,..,..
Antiretroviral therapy coverage (% of people living with HIV),SH.HIV.ARTC.ZS,San Marino,SMR,..,..,..,..,..,..,..,..,..,..,..,..,..,..,..,..,..,..,..,..,..,..,..,..,..,..,..,..,..,..,..,..,..,..,..,..,..,..,..,..,..,..,..,..,..,..,..,..,..,..,..,..,..,..,..,..,..,..,..,..,..
Antiretroviral therapy coverage (% of people living with HIV),SH.HIV.ARTC.ZS,Sao Tome and Principe,STP,..,..,..,..,..,..,..,..,..,..,..,..,..,..,..,..,..,..,..,..,..,..,..,..,..,..,..,..,..,..,..,..,..,..,..,..,..,..,..,..,..,..,..,..,..,..,..,..,..,..,..,..,..,..,..,..,..,..,..,..,..
Antiretroviral therapy coverage (% of people living with HIV),SH.HIV.ARTC.ZS,Saudi Arabia,SAU,..,..,..,..,..,..,..,..,..,..,..,..,..,..,..,..,..,..,..,..,..,..,..,..,..,..,..,..,..,..,..,..,..,..,..,..,..,..,..,..,..,..,..,..,..,..,..,..,..,..,..,..,..,..,..,..,..,..,..,..,..
Antiretroviral therapy coverage (% of people living with HIV),SH.HIV.ARTC.ZS,Senegal,SEN,..,..,..,..,..,..,..,..,..,..,..,..,..,..,..,..,..,..,..,..,..,..,..,..,..,..,..,..,..,..,..,..,..,..,..,..,..,..,..,..,0,0,0,0,0,0,1,17,20,24,27,29,27,31,38,43,50,56,64,70,..
Antiretroviral therapy coverage (% of people living with HIV),SH.HIV.ARTC.ZS,Serbia,SRB,..,..,..,..,..,..,..,..,..,..,..,..,..,..,..,..,..,..,..,..,..,..,..,..,..,..,..,..,..,..,..,..,..,..,..,..,..,..,..,..,47,52,57,54,52,51,49,48,49,49,49,49,50,54,57,61,62,64,65,68,..
Antiretroviral therapy coverage (% of people living with HIV),SH.HIV.ARTC.ZS,Seychelles,SYC,..,..,..,..,..,..,..,..,..,..,..,..,..,..,..,..,..,..,..,..,..,..,..,..,..,..,..,..,..,..,..,..,..,..,..,..,..,..,..,..,..,..,..,..,..,..,..,..,..,..,..,..,..,..,..,..,..,..,..,..,..
Antiretroviral therapy coverage (% of people living with HIV),SH.HIV.ARTC.ZS,Sierra Leone,SLE,..,..,..,..,..,..,..,..,..,..,..,..,..,..,..,..,..,..,..,..,..,..,..,..,..,..,..,..,..,..,..,..,..,..,..,..,..,..,..,..,0,0,0,0,0,1,1,2,4,6,10,13,12,13,15,20,24,32,37,43,..
Antiretroviral therapy coverage (% of people living with HIV),SH.HIV.ARTC.ZS,Singapore,SGP,..,..,..,..,..,..,..,..,..,..,..,..,..,..,..,..,..,..,..,..,..,..,..,..,..,..,..,..,..,..,..,..,..,..,..,..,..,..,..,..,..,..,..,..,..,..,..,..,..,..,..,..,..,..,..,..,..,..,..,..,..
Antiretroviral therapy coverage (% of people living with HIV),SH.HIV.ARTC.ZS,Sint Maarten (Dutch part),SXM,..,..,..,..,..,..,..,..,..,..,..,..,..,..,..,..,..,..,..,..,..,..,..,..,..,..,..,..,..,..,..,..,..,..,..,..,..,..,..,..,..,..,..,..,..,..,..,..,..,..,..,..,..,..,..,..,..,..,..,..,..
Antiretroviral therapy coverage (% of people living with HIV),SH.HIV.ARTC.ZS,Slovak Republic,SVK,..,..,..,..,..,..,..,..,..,..,..,..,..,..,..,..,..,..,..,..,..,..,..,..,..,..,..,..,..,..,..,..,..,..,..,..,..,..,..,..,..,..,..,..,..,..,..,..,..,..,..,..,..,..,..,..,..,..,..,..,..
Antiretroviral therapy coverage (% of people living with HIV),SH.HIV.ARTC.ZS,Slovenia,SVN,..,..,..,..,..,..,..,..,..,..,..,..,..,..,..,..,..,..,..,..,..,..,..,..,..,..,..,..,..,..,..,..,..,..,..,..,..,..,..,..,..,..,..,..,..,..,..,..,..,..,..,..,..,..,..,..,..,..,..,..,..
Antiretroviral therapy coverage (% of people living with HIV),SH.HIV.ARTC.ZS,Small states,SST,..,..,..,..,..,..,..,..,..,..,..,..,..,..,..,..,..,..,..,..,..,..,..,..,..,..,..,..,..,..,..,..,..,..,..,..,..,..,..,..,0,0.428440366972477,0.89094362255098,2.12969979597785,5.06534278959811,8.92247484159523,13.4856859920778,19.1911268855368,24.5799054787327,29.7784933480214,..,..,..,..,..,..,..,..,..,..,..
Antiretroviral therapy coverage (% of people living with HIV),SH.HIV.ARTC.ZS,Solomon Islands,SLB,..,..,..,..,..,..,..,..,..,..,..,..,..,..,..,..,..,..,..,..,..,..,..,..,..,..,..,..,..,..,..,..,..,..,..,..,..,..,..,..,..,..,..,..,..,..,..,..,..,..,..,..,..,..,..,..,..,..,..,..,..
Antiretroviral therapy coverage (% of people living with HIV),SH.HIV.ARTC.ZS,Somalia,SOM,..,..,..,..,..,..,..,..,..,..,..,..,..,..,..,..,..,..,..,..,..,..,..,..,..,..,..,..,..,..,..,..,..,..,..,..,..,..,..,..,0,0,0,0,0,0,1,1,2,4,6,8,10,13,15,19,23,26,30,33,..
Antiretroviral therapy coverage (% of people living with HIV),SH.HIV.ARTC.ZS,South Africa,ZAF,..,..,..,..,..,..,..,..,..,..,..,..,..,..,..,..,..,..,..,..,..,..,..,..,..,..,..,..,..,..,..,..,..,..,..,..,..,..,..,..,0,0,1,1,1,2,4,8,12,17,23,30,37,43,48,53,58,62,66,70,..
Antiretroviral therapy coverage (% of people living with HIV),SH.HIV.ARTC.ZS,South Asia,SAS,..,..,..,..,..,..,..,..,..,..,..,..,..,..,..,..,..,..,..,..,..,..,..,..,..,..,..,..,..,..,..,..,..,..,..,..,..,..,..,..,..,..,..,..,..,..,..,..,..,..,..,..,..,..,..,..,..,..,..,..,..
Antiretroviral therapy coverage (% of people living with HIV),SH.HIV.ARTC.ZS,South Asia (IDA & IBRD),TSA,..,..,..,..,..,..,..,..,..,..,..,..,..,..,..,..,..,..,..,..,..,..,..,..,..,..,..,..,..,..,..,..,..,..,..,..,..,..,..,..,..,..,..,..,..,..,..,..,..,..,..,..,..,..,..,..,..,..,..,..,..
Antiretroviral therapy coverage (% of people living with HIV),SH.HIV.ARTC.ZS,South Sudan,SSD,..,..,..,..,..,..,..,..,..,..,..,..,..,..,..,..,..,..,..,..,..,..,..,..,..,..,..,..,..,..,..,..,..,..,..,..,..,..,..,..,0,0,0,0,0,0,0,0,0,1,1,2,3,4,7,11,11,13,16,18,..
Antiretroviral therapy coverage (% of people living with HIV),SH.HIV.ARTC.ZS,Spain,ESP,..,..,..,..,..,..,..,..,..,..,..,..,..,..,..,..,..,..,..,..,..,..,..,..,..,..,..,..,..,..,..,..,..,..,..,..,..,..,..,..,32,36,40,44,47,51,53,56,59,61,65,66,69,70,72,75,81,83,83,85,..
Antiretroviral therapy coverage (% of people living with HIV),SH.HIV.ARTC.ZS,Sri Lanka,LKA,..,..,..,..,..,..,..,..,..,..,..,..,..,..,..,..,..,..,..,..,..,..,..,..,..,..,..,..,..,..,..,..,..,..,..,..,..,..,..,..,..,..,..,..,..,..,..,..,..,..,..,..,..,..,..,..,..,..,..,..,..
Antiretroviral therapy coverage (% of people living with HIV),SH.HIV.ARTC.ZS,St. Kitts and Nevis,KNA,..,..,..,..,..,..,..,..,..,..,..,..,..,..,..,..,..,..,..,..,..,..,..,..,..,..,..,..,..,..,..,..,..,..,..,..,..,..,..,..,..,..,..,..,..,..,..,..,..,..,..,..,..,..,..,..,..,..,..,..,..
Antiretroviral therapy coverage (% of people living with HIV),SH.HIV.ARTC.ZS,St. Lucia,LCA,..,..,..,..,..,..,..,..,..,..,..,..,..,..,..,..,..,..,..,..,..,..,..,..,..,..,..,..,..,..,..,..,..,..,..,..,..,..,..,..,..,..,..,..,..,..,..,..,..,..,..,..,..,..,..,..,..,..,..,..,..
Antiretroviral therapy coverage (% of people living with HIV),SH.HIV.ARTC.ZS,St. Martin (French part),MAF,..,..,..,..,..,..,..,..,..,..,..,..,..,..,..,..,..,..,..,..,..,..,..,..,..,..,..,..,..,..,..,..,..,..,..,..,..,..,..,..,..,..,..,..,..,..,..,..,..,..,..,..,..,..,..,..,..,..,..,..,..
Antiretroviral therapy coverage (% of people living with HIV),SH.HIV.ARTC.ZS,St. Vincent and the Grenadines,VCT,..,..,..,..,..,..,..,..,..,..,..,..,..,..,..,..,..,..,..,..,..,..,..,..,..,..,..,..,..,..,..,..,..,..,..,..,..,..,..,..,..,..,..,..,..,..,..,..,..,..,..,..,..,..,..,..,..,..,..,..,..
Antiretroviral therapy coverage (% of people living with HIV),SH.HIV.ARTC.ZS,Sub-Saharan Africa,SSF,..,..,..,..,..,..,..,..,..,..,..,..,..,..,..,..,..,..,..,..,..,..,..,..,..,..,..,..,..,..,..,..,..,..,..,..,..,..,..,..,0,0.0808275705057059,0.361415295288837,0.728297017729501,1.96255612528839,3.62237798982723,6.27689323984382,10.0968626952877,14.3548943060357,18.6489032614116,23.6330488532336,28.8532601241691,34.5902952507815,39.9595909226112,45.447476838959,50.5328751021225,55.8488659239277,60.9207484333899,64.0825711734947,69.649500046652,..
Antiretroviral therapy coverage (% of people living with HIV),SH.HIV.ARTC.ZS,Sub-Saharan Africa (excluding high income),SSA,..,..,..,..,..,..,..,..,..,..,..,..,..,..,..,..,..,..,..,..,..,..,..,..,..,..,..,..,..,..,..,..,..,..,..,..,..,..,..,..,0,0.0808459764880021,0.361227010247338,0.728201638556299,1.96295155161323,3.62310292440085,6.27846172849673,10.1004701995171,14.3600399530899,18.6561753779237,23.642163980958,28.8617397906909,34.6004585982688,39.9711249792124,45.4589159091586,50.5455049666803,55.8635970777209,60.9370905696213,64.099636782248,69.668602254253,..
Antiretroviral therapy coverage (% of people living with HIV),SH.HIV.ARTC.ZS,Sub-Saharan Africa (IDA & IBRD countries),TSS,..,..,..,..,..,..,..,..,..,..,..,..,..,..,..,..,..,..,..,..,..,..,..,..,..,..,..,..,..,..,..,..,..,..,..,..,..,..,..,..,0,0.0808275705057059,0.361415295288837,0.728297017729501,1.96255612528839,3.62237798982723,6.27689323984382,10.0968626952877,14.3548943060357,18.6489032614116,23.6330488532336,28.8532601241691,34.5902952507815,39.9595909226112,45.447476838959,50.5328751021225,55.8488659239277,60.9207484333899,64.0825711734947,69.649500046652,..
Antiretroviral therapy coverage (% of people living with HIV),SH.HIV.ARTC.ZS,Sudan,SDN,..,..,..,..,..,..,..,..,..,..,..,..,..,..,..,..,..,..,..,..,..,..,..,..,..,..,..,..,..,..,..,..,..,..,..,..,..,..,..,..,0,0,0,0,0,0,0,0,3,5,5,6,6,8,9,10,13,17,19,22,..
Antiretroviral therapy coverage (% of people living with HIV),SH.HIV.ARTC.ZS,Suriname,SUR,..,..,..,..,..,..,..,..,..,..,..,..,..,..,..,..,..,..,..,..,..,..,..,..,..,..,..,..,..,..,..,..,..,..,..,..,..,..,..,..,0,0,1,4,6,9,12,15,19,21,23,26,33,37,41,43,46,48,50,50,..
Antiretroviral therapy coverage (% of people living with HIV),SH.HIV.ARTC.ZS,Sweden,SWE,..,..,..,..,..,..,..,..,..,..,..,..,..,..,..,..,..,..,..,..,..,..,..,..,..,..,..,..,..,..,..,..,..,..,..,..,..,..,..,..,..,..,..,..,..,..,..,..,..,..,..,..,..,..,..,..,..,..,..,..,..
Antiretroviral therapy coverage (% of people living with HIV),SH.HIV.ARTC.ZS,Switzerland,CHE,..,..,..,..,..,..,..,..,..,..,..,..,..,..,..,..,..,..,..,..,..,..,..,..,..,..,..,..,..,..,..,..,..,..,..,..,..,..,..,..,..,..,..,..,..,..,..,..,..,..,..,..,..,..,..,..,..,..,..,..,..
Antiretroviral therapy coverage (% of people living with HIV),SH.HIV.ARTC.ZS,Syrian Arab Republic,SYR,..,..,..,..,..,..,..,..,..,..,..,..,..,..,..,..,..,..,..,..,..,..,..,..,..,..,..,..,..,..,..,..,..,..,..,..,..,..,..,..,0,0,0,0,0,0,0,0,3,5,5,6,6,8,9,10,13,17,19,22,..
Antiretroviral therapy coverage (% of people living with HIV),SH.HIV.ARTC.ZS,Tajikistan,TJK,..,..,..,..,..,..,..,..,..,..,..,..,..,..,..,..,..,..,..,..,..,..,..,..,..,..,..,..,..,..,..,..,..,..,..,..,..,..,..,..,0,0,0,0,0,0,2,3,4,6,9,11,13,16,22,30,36,42,47,51,..
Antiretroviral therapy coverage (% of people living with HIV),SH.HIV.ARTC.ZS,Tanzania,TZA,..,..,..,..,..,..,..,..,..,..,..,..,..,..,..,..,..,..,..,..,..,..,..,..,..,..,..,..,..,..,..,..,..,..,..,..,..,..,..,..,0,0,0,0,1,2,5,11,12,15,18,20,31,36,43,49,54,60,67,75,..
Antiretroviral therapy coverage (% of people living with HIV),SH.HIV.ARTC.ZS,Thailand,THA,..,..,..,..,..,..,..,..,..,..,..,..,..,..,..,..,..,..,..,..,..,..,..,..,..,..,..,..,..,..,..,..,..,..,..,..,..,..,..,..,0,1,2,4,9,16,20,25,28,32,36,39,43,47,51,56,62,68,75,80,..
Antiretroviral therapy coverage (% of people living with HIV),SH.HIV.ARTC.ZS,Timor-Leste,TLS,..,..,..,..,..,..,..,..,..,..,..,..,..,..,..,..,..,..,..,..,..,..,..,..,..,..,..,..,..,..,..,..,..,..,..,..,..,..,..,..,0,1,2,4,9,16,20,25,28,32,36,39,43,47,51,56,62,68,75,80,..
Antiretroviral therapy coverage (% of people living with HIV),SH.HIV.ARTC.ZS,Togo,TGO,..,..,..,..,..,..,..,..,..,..,..,..,..,..,..,..,..,..,..,..,..,..,..,..,..,..,..,..,..,..,..,..,..,..,..,..,..,..,..,..,0,0,0,1,2,5,6,7,9,14,21,24,27,30,32,37,44,51,55,64,..
Antiretroviral therapy coverage (% of people living with HIV),SH.HIV.ARTC.ZS,Tonga,TON,..,..,..,..,..,..,..,..,..,..,..,..,..,..,..,..,..,..,..,..,..,..,..,..,..,..,..,..,..,..,..,..,..,..,..,..,..,..,..,..,..,..,..,..,..,..,..,..,..,..,..,..,..,..,..,..,..,..,..,..,..
Antiretroviral therapy coverage (% of people living with HIV),SH.HIV.ARTC.ZS,Trinidad and Tobago,TTO,..,..,..,..,..,..,..,..,..,..,..,..,..,..,..,..,..,..,..,..,..,..,..,..,..,..,..,..,..,..,..,..,..,..,..,..,..,..,..,..,0,0,1,4,6,9,12,15,19,21,23,26,33,37,41,43,46,48,50,50,..
Antiretroviral therapy coverage (% of people living with HIV),SH.HIV.ARTC.ZS,Tunisia,TUN,..,..,..,..,..,..,..,..,..,..,..,..,..,..,..,..,..,..,..,..,..,..,..,..,..,..,..,..,..,..,..,..,..,..,..,..,..,..,..,..,0,5,7,8,9,10,10,11,12,13,14,14,12,13,14,15,16,16,18,20,..
Antiretroviral therapy coverage (% of people living with HIV),SH.HIV.ARTC.ZS,Turkey,TUR,..,..,..,..,..,..,..,..,..,..,..,..,..,..,..,..,..,..,..,..,..,..,..,..,..,..,..,..,..,..,..,..,..,..,..,..,..,..,..,..,..,..,..,..,..,..,..,..,..,..,..,..,..,..,..,..,..,..,..,..,..
Antiretroviral therapy coverage (% of people living with HIV),SH.HIV.ARTC.ZS,Turkmenistan,TKM,..,..,..,..,..,..,..,..,..,..,..,..,..,..,..,..,..,..,..,..,..,..,..,..,..,..,..,..,..,..,..,..,..,..,..,..,..,..,..,..,..,..,..,..,..,..,..,..,..,..,..,..,..,..,..,..,..,..,..,..,..
Antiretroviral therapy coverage (% of people living with HIV),SH.HIV.ARTC.ZS,Turks and Caicos Islands,TCA,..,..,..,..,..,..,..,..,..,..,..,..,..,..,..,..,..,..,..,..,..,..,..,..,..,..,..,..,..,..,..,..,..,..,..,..,..,..,..,..,..,..,..,..,..,..,..,..,..,..,..,..,..,..,..,..,..,..,..,..,..
Antiretroviral therapy coverage (% of people living with HIV),SH.HIV.ARTC.ZS,Tuvalu,TUV,..,..,..,..,..,..,..,..,..,..,..,..,..,..,..,..,..,..,..,..,..,..,..,..,..,..,..,..,..,..,..,..,..,..,..,..,..,..,..,..,..,..,..,..,..,..,..,..,..,..,..,..,..,..,..,..,..,..,..,..,..
Antiretroviral therapy coverage (% of people living with HIV),SH.HIV.ARTC.ZS,Uganda,UGA,..,..,..,..,..,..,..,..,..,..,..,..,..,..,..,..,..,..,..,..,..,..,..,..,..,..,..,..,..,..,..,..,..,..,..,..,..,..,..,..,0,1,1,2,5,9,8,10,14,16,20,23,31,41,50,54,60,69,70,84,..
Antiretroviral therapy coverage (% of people living with HIV),SH.HIV.ARTC.ZS,Ukraine,UKR,..,..,..,..,..,..,..,..,..,..,..,..,..,..,..,..,..,..,..,..,..,..,..,..,..,..,..,..,..,..,..,..,..,..,..,..,..,..,..,..,0,0,0,0,1,1,2,3,4,7,9,11,17,23,28,27,38,43,50,54,..
Antiretroviral therapy coverage (% of people living with HIV),SH.HIV.ARTC.ZS,United Arab Emirates,ARE,..,..,..,..,..,..,..,..,..,..,..,..,..,..,..,..,..,..,..,..,..,..,..,..,..,..,..,..,..,..,..,..,..,..,..,..,..,..,..,..,..,..,..,..,..,..,..,..,..,..,..,..,..,..,..,..,..,..,..,..,..
Antiretroviral therapy coverage (% of people living with HIV),SH.HIV.ARTC.ZS,United Kingdom,GBR,..,..,..,..,..,..,..,..,..,..,..,..,..,..,..,..,..,..,..,..,..,..,..,..,..,..,..,..,..,..,..,..,..,..,..,..,..,..,..,..,..,..,..,..,..,..,..,..,..,..,..,..,..,..,..,..,..,..,..,..,..
Antiretroviral therapy coverage (% of people living with HIV),SH.HIV.ARTC.ZS,United States,USA,..,..,..,..,..,..,..,..,..,..,..,..,..,..,..,..,..,..,..,..,..,..,..,..,..,..,..,..,..,..,..,..,..,..,..,..,..,..,..,..,..,..,..,..,..,..,..,..,..,..,..,..,..,..,..,..,..,..,..,..,..
Antiretroviral therapy coverage (% of people living with HIV),SH.HIV.ARTC.ZS,Upper middle income,UMC,..,..,..,..,..,..,..,..,..,..,..,..,..,..,..,..,..,..,..,..,..,..,..,..,..,..,..,..,..,..,..,..,..,..,..,..,..,..,..,..,..,..,..,..,..,..,..,..,..,..,..,..,..,..,..,..,..,..,..,..,..
Antiretroviral therapy coverage (% of people living with HIV),SH.HIV.ARTC.ZS,Uruguay,URY,..,..,..,..,..,..,..,..,..,..,..,..,..,..,..,..,..,..,..,..,..,..,..,..,..,..,..,..,..,..,..,..,..,..,..,..,..,..,..,..,..,..,..,..,..,..,..,..,..,..,..,..,..,..,..,..,..,..,..,..,..
Antiretroviral therapy coverage (% of people living with HIV),SH.HIV.ARTC.ZS,Uzbekistan,UZB,..,..,..,..,..,..,..,..,..,..,..,..,..,..,..,..,..,..,..,..,..,..,..,..,..,..,..,..,..,..,..,..,..,..,..,..,..,..,..,..,0,0,0,0,0,0,4,7,12,16,19,23,13,22,30,36,43,51,58,58,..
Antiretroviral therapy coverage (% of people living with HIV),SH.HIV.ARTC.ZS,Vanuatu,VUT,..,..,..,..,..,..,..,..,..,..,..,..,..,..,..,..,..,..,..,..,..,..,..,..,..,..,..,..,..,..,..,..,..,..,..,..,..,..,..,..,..,..,..,..,..,..,..,..,..,..,..,..,..,..,..,..,..,..,..,..,..
Antiretroviral therapy coverage (% of people living with HIV),SH.HIV.ARTC.ZS,"Venezuela, RB",VEN,..,..,..,..,..,..,..,..,..,..,..,..,..,..,..,..,..,..,..,..,..,..,..,..,..,..,..,..,..,..,..,..,..,..,..,..,..,..,..,..,2,5,8,10,12,13,21,23,26,30,33,34,35,34,35,46,43,33,24,40,..
Antiretroviral therapy coverage (% of people living with HIV),SH.HIV.ARTC.ZS,Vietnam,VNM,..,..,..,..,..,..,..,..,..,..,..,..,..,..,..,..,..,..,..,..,..,..,..,..,..,..,..,..,..,..,..,..,..,..,..,..,..,..,..,..,0,0,0,0,0,1,4,8,13,18,23,28,33,37,41,48,54,60,65,70,..
Antiretroviral therapy coverage (% of people living with HIV),SH.HIV.ARTC.ZS,Virgin Islands (U.S.),VIR,..,..,..,..,..,..,..,..,..,..,..,..,..,..,..,..,..,..,..,..,..,..,..,..,..,..,..,..,..,..,..,..,..,..,..,..,..,..,..,..,..,..,..,..,..,..,..,..,..,..,..,..,..,..,..,..,..,..,..,..,..
Antiretroviral therapy coverage (% of people living with HIV),SH.HIV.ARTC.ZS,West Bank and Gaza,PSE,..,..,..,..,..,..,..,..,..,..,..,..,..,..,..,..,..,..,..,..,..,..,..,..,..,..,..,..,..,..,..,..,..,..,..,..,..,..,..,..,..,..,..,..,..,..,..,..,..,..,..,..,..,..,..,..,..,..,..,..,..
Antiretroviral therapy coverage (% of people living with HIV),SH.HIV.ARTC.ZS,World,WLD,..,..,..,..,..,..,..,..,..,..,..,..,..,..,..,..,..,..,..,..,..,..,..,..,..,..,..,..,..,..,..,..,..,..,..,..,..,..,..,..,2,3,4,4,6,7,10,14,17,21,25,30,35,40,45,49,54,59,62,67,..
Antiretroviral therapy coverage (% of people living with HIV),SH.HIV.ARTC.ZS,"Yemen, Rep.",YEM,..,..,..,..,..,..,..,..,..,..,..,..,..,..,..,..,..,..,..,..,..,..,..,..,..,..,..,..,..,..,..,..,..,..,..,..,..,..,..,..,0,0,0,0,0,0,0,2,4,6,10,10,10,12,16,16,18,21,22,24,..
Antiretroviral therapy coverage (% of people living with HIV),SH.HIV.ARTC.ZS,Zambia,ZMB,..,..,..,..,..,..,..,..,..,..,..,..,..,..,..,..,..,..,..,..,..,..,..,..,..,..,..,..,..,..,..,..,..,..,..,..,..,..,..,..,0,0,0,2,4,7,10,19,26,32,37,44,48,54,60,68,69,72,79,85,..
Antiretroviral therapy coverage (% of people living with HIV),SH.HIV.ARTC.ZS,Zimbabwe,ZWE,..,..,..,..,..,..,..,..,..,..,..,..,..,..,..,..,..,..,..,..,..,..,..,..,..,..,..,..,..,..,..,..,..,..,..,..,..,..,..,..,0,0,0,0,1,2,5,8,12,18,30,39,45,52,59,64,70,78,73,85,..
