Series Name,Series Code,Country Name,Country Code,1960 [YR1960],1961 [YR1961],1962 [YR1962],1963 [YR1963],1964 [YR1964],1965 [YR1965],1966 [YR1966],1967 [YR1967],1968 [YR1968],1969 [YR1969],1970 [YR1970],1971 [YR1971],1972 [YR1972],1973 [YR1973],1974 [YR1974],1975 [YR1975],1976 [YR1976],1977 [YR1977],1978 [YR1978],1979 [YR1979],1980 [YR1980],1981 [YR1981],1982 [YR1982],1983 [YR1983],1984 [YR1984],1985 [YR1985],1986 [YR1986],1987 [YR1987],1988 [YR1988],1989 [YR1989],1990 [YR1990],1991 [YR1991],1992 [YR1992],1993 [YR1993],1994 [YR1994],1995 [YR1995],1996 [YR1996],1997 [YR1997],1998 [YR1998],1999 [YR1999],2000 [YR2000],2001 [YR2001],2002 [YR2002],2003 [YR2003],2004 [YR2004],2005 [YR2005],2006 [YR2006],2007 [YR2007],2008 [YR2008],2009 [YR2009],2010 [YR2010],2011 [YR2011],2012 [YR2012],2013 [YR2013],2014 [YR2014],2015 [YR2015],2016 [YR2016],2017 [YR2017],2018 [YR2018],2019 [YR2019],2020 [YR2020]
Adults (ages 15+) and children (0-14 years) living with HIV,SH.HIV.TOTL,Afghanistan,AFG,..,..,..,..,..,..,..,..,..,..,..,..,..,..,..,..,..,..,..,..,..,..,..,..,..,..,..,..,..,..,500,500,500,1000,1000,1000,1000,1000,1200,1300,1500,1800,2000,2300,2600,2900,3200,3500,3800,4100,4600,5100,5600,6300,6900,7600,8400,9200,10000,11000,..
Adults (ages 15+) and children (0-14 years) living with HIV,SH.HIV.TOTL,Albania,ALB,..,..,..,..,..,..,..,..,..,..,..,..,..,..,..,..,..,..,..,..,..,..,..,..,..,..,..,..,..,..,100,100,100,100,100,100,100,100,100,100,100,100,200,200,500,500,500,1000,1000,1000,1000,1000,1000,1000,1100,1200,1300,1300,1400,1400,..
Adults (ages 15+) and children (0-14 years) living with HIV,SH.HIV.TOTL,Algeria,DZA,..,..,..,..,..,..,..,..,..,..,..,..,..,..,..,..,..,..,..,..,..,..,..,..,..,..,..,..,..,..,500,500,1000,1000,1000,1000,1100,1300,1500,1700,2000,2300,2700,3100,3500,4000,4600,5300,6000,6900,7900,8900,10000,12000,13000,15000,16000,18000,20000,22000,..
Adults (ages 15+) and children (0-14 years) living with HIV,SH.HIV.TOTL,American Samoa,ASM,..,..,..,..,..,..,..,..,..,..,..,..,..,..,..,..,..,..,..,..,..,..,..,..,..,..,..,..,..,..,..,..,..,..,..,..,..,..,..,..,..,..,..,..,..,..,..,..,..,..,..,..,..,..,..,..,..,..,..,..,..
Adults (ages 15+) and children (0-14 years) living with HIV,SH.HIV.TOTL,Andorra,AND,..,..,..,..,..,..,..,..,..,..,..,..,..,..,..,..,..,..,..,..,..,..,..,..,..,..,..,..,..,..,..,..,..,..,..,..,..,..,..,..,..,..,..,..,..,..,..,..,..,..,..,..,..,..,..,..,..,..,..,..,..
Adults (ages 15+) and children (0-14 years) living with HIV,SH.HIV.TOTL,Angola,AGO,..,..,..,..,..,..,..,..,..,..,..,..,..,..,..,..,..,..,..,..,..,..,..,..,..,..,..,..,..,..,11000,14000,17000,22000,27000,33000,39000,47000,55000,65000,75000,86000,99000,110000,130000,140000,150000,170000,180000,200000,220000,230000,250000,260000,280000,290000,300000,320000,330000,340000,..
Adults (ages 15+) and children (0-14 years) living with HIV,SH.HIV.TOTL,Antigua and Barbuda,ATG,..,..,..,..,..,..,..,..,..,..,..,..,..,..,..,..,..,..,..,..,..,..,..,..,..,..,..,..,..,..,..,..,..,..,..,..,..,..,..,..,..,..,..,..,..,..,..,..,..,..,..,..,..,..,..,..,..,..,..,..,..
Adults (ages 15+) and children (0-14 years) living with HIV,SH.HIV.TOTL,Arab World,ARB,..,..,..,..,..,..,..,..,..,..,..,..,..,..,..,..,..,..,..,..,..,..,..,..,..,..,..,..,..,..,..,..,..,..,..,..,..,..,..,..,..,..,..,..,..,..,..,..,..,..,..,..,..,..,..,..,..,..,..,..,..
Adults (ages 15+) and children (0-14 years) living with HIV,SH.HIV.TOTL,Argentina,ARG,..,..,..,..,..,..,..,..,..,..,..,..,..,..,..,..,..,..,..,..,..,..,..,..,..,..,..,..,..,..,13000,17000,22000,28000,33000,38000,42000,46000,50000,55000,59000,64000,67000,71000,76000,80000,84000,88000,92000,97000,100000,100000,110000,110000,120000,120000,120000,130000,130000,140000,..
Adults (ages 15+) and children (0-14 years) living with HIV,SH.HIV.TOTL,Armenia,ARM,..,..,..,..,..,..,..,..,..,..,..,..,..,..,..,..,..,..,..,..,..,..,..,..,..,..,..,..,..,..,100,100,100,100,100,200,200,500,500,1000,1000,1300,1600,2000,2300,2600,2900,3100,3200,3200,3300,3300,3300,3300,3300,3400,3400,3500,3500,3500,..
Adults (ages 15+) and children (0-14 years) living with HIV,SH.HIV.TOTL,Aruba,ABW,..,..,..,..,..,..,..,..,..,..,..,..,..,..,..,..,..,..,..,..,..,..,..,..,..,..,..,..,..,..,..,..,..,..,..,..,..,..,..,..,..,..,..,..,..,..,..,..,..,..,..,..,..,..,..,..,..,..,..,..,..
Adults (ages 15+) and children (0-14 years) living with HIV,SH.HIV.TOTL,Australia,AUS,..,..,..,..,..,..,..,..,..,..,..,..,..,..,..,..,..,..,..,..,..,..,..,..,..,..,..,..,..,..,9900,11000,11000,12000,12000,12000,12000,12000,13000,13000,14000,14000,15000,15000,16000,17000,17000,18000,19000,20000,21000,22000,23000,24000,25000,26000,26000,27000,28000,29000,..
Adults (ages 15+) and children (0-14 years) living with HIV,SH.HIV.TOTL,Austria,AUT,..,..,..,..,..,..,..,..,..,..,..,..,..,..,..,..,..,..,..,..,..,..,..,..,..,..,..,..,..,..,..,..,..,..,..,..,..,..,..,..,..,..,..,..,..,..,..,..,..,..,..,..,..,..,..,..,..,..,..,..,..
Adults (ages 15+) and children (0-14 years) living with HIV,SH.HIV.TOTL,Azerbaijan,AZE,..,..,..,..,..,..,..,..,..,..,..,..,..,..,..,..,..,..,..,..,..,..,..,..,..,..,..,..,..,..,200,200,500,500,1000,1000,1500,2300,3300,4400,5600,6600,7500,8100,8500,8900,9100,9200,9300,9400,9500,9500,9500,9500,9500,9500,9600,9600,9700,9700,..
Adults (ages 15+) and children (0-14 years) living with HIV,SH.HIV.TOTL,"Bahamas, The",BHS,..,..,..,..,..,..,..,..,..,..,..,..,..,..,..,..,..,..,..,..,..,..,..,..,..,..,..,..,..,..,..,..,..,..,..,..,..,..,..,..,..,..,..,..,..,..,..,..,..,..,..,..,..,..,..,..,..,..,..,..,..
Adults (ages 15+) and children (0-14 years) living with HIV,SH.HIV.TOTL,Bahrain,BHR,..,..,..,..,..,..,..,..,..,..,..,..,..,..,..,..,..,..,..,..,..,..,..,..,..,..,..,..,..,..,..,..,..,..,..,..,..,..,..,..,..,..,..,..,..,..,..,..,..,..,..,..,..,..,..,..,..,..,..,..,..
Adults (ages 15+) and children (0-14 years) living with HIV,SH.HIV.TOTL,Bangladesh,BGD,..,..,..,..,..,..,..,..,..,..,..,..,..,..,..,..,..,..,..,..,..,..,..,..,..,..,..,..,..,..,..,..,..,..,..,..,..,..,..,..,..,..,..,..,..,..,..,..,..,..,..,..,..,..,..,..,..,..,..,..,..
Adults (ages 15+) and children (0-14 years) living with HIV,SH.HIV.TOTL,Barbados,BRB,..,..,..,..,..,..,..,..,..,..,..,..,..,..,..,..,..,..,..,..,..,..,..,..,..,..,..,..,..,..,4000,4100,4100,4100,4100,4000,4000,3900,3800,3600,3500,3400,3300,3200,3200,3200,3100,3100,3100,3000,3000,3000,2900,2900,2900,2800,2800,2800,2700,2700,..
Adults (ages 15+) and children (0-14 years) living with HIV,SH.HIV.TOTL,Belarus,BLR,..,..,..,..,..,..,..,..,..,..,..,..,..,..,..,..,..,..,..,..,..,..,..,..,..,..,..,..,..,..,100,100,100,200,200,500,500,1000,1000,1100,1500,1900,2600,3300,4300,5400,6700,8000,9400,11000,12000,14000,16000,18000,20000,22000,23000,25000,26000,28000,..
Adults (ages 15+) and children (0-14 years) living with HIV,SH.HIV.TOTL,Belgium,BEL,..,..,..,..,..,..,..,..,..,..,..,..,..,..,..,..,..,..,..,..,..,..,..,..,..,..,..,..,..,..,..,..,..,..,..,..,..,..,..,..,..,..,..,..,..,..,..,..,..,..,..,..,..,..,..,..,..,..,..,..,..
Adults (ages 15+) and children (0-14 years) living with HIV,SH.HIV.TOTL,Belize,BLZ,..,..,..,..,..,..,..,..,..,..,..,..,..,..,..,..,..,..,..,..,..,..,..,..,..,..,..,..,..,..,..,..,..,..,..,..,..,..,..,..,..,..,..,..,..,..,..,..,..,..,..,..,..,..,..,..,..,..,..,..,..
Adults (ages 15+) and children (0-14 years) living with HIV,SH.HIV.TOTL,Benin,BEN,..,..,..,..,..,..,..,..,..,..,..,..,..,..,..,..,..,..,..,..,..,..,..,..,..,..,..,..,..,..,4200,6700,10000,15000,20000,26000,32000,37000,41000,45000,48000,51000,54000,56000,57000,59000,59000,60000,60000,62000,64000,66000,68000,70000,71000,72000,73000,74000,74000,75000,..
Adults (ages 15+) and children (0-14 years) living with HIV,SH.HIV.TOTL,Bermuda,BMU,..,..,..,..,..,..,..,..,..,..,..,..,..,..,..,..,..,..,..,..,..,..,..,..,..,..,..,..,..,..,..,..,..,..,..,..,..,..,..,..,..,..,..,..,..,..,..,..,..,..,..,..,..,..,..,..,..,..,..,..,..
Adults (ages 15+) and children (0-14 years) living with HIV,SH.HIV.TOTL,Bhutan,BTN,..,..,..,..,..,..,..,..,..,..,..,..,..,..,..,..,..,..,..,..,..,..,..,..,..,..,..,..,..,..,..,..,..,..,..,..,..,..,..,..,..,..,..,..,..,..,..,..,..,..,..,..,..,..,..,..,..,..,..,..,..
Adults (ages 15+) and children (0-14 years) living with HIV,SH.HIV.TOTL,Bolivia,BOL,..,..,..,..,..,..,..,..,..,..,..,..,..,..,..,..,..,..,..,..,..,..,..,..,..,..,..,..,..,..,8100,9800,12000,13000,15000,17000,19000,20000,22000,22000,22000,22000,21000,20000,20000,19000,18000,17000,17000,16000,16000,16000,16000,16000,17000,17000,18000,18000,19000,19000,..
Adults (ages 15+) and children (0-14 years) living with HIV,SH.HIV.TOTL,Bosnia and Herzegovina,BIH,..,..,..,..,..,..,..,..,..,..,..,..,..,..,..,..,..,..,..,..,..,..,..,..,..,..,..,..,..,..,..,..,..,..,..,..,..,..,..,..,..,..,..,..,..,..,..,..,..,..,..,..,..,..,..,..,..,..,..,..,..
Adults (ages 15+) and children (0-14 years) living with HIV,SH.HIV.TOTL,Botswana,BWA,..,..,..,..,..,..,..,..,..,..,..,..,..,..,..,..,..,..,..,..,..,..,..,..,..,..,..,..,..,..,43000,63000,87000,120000,150000,180000,210000,230000,250000,270000,280000,290000,290000,290000,300000,300000,310000,320000,320000,330000,340000,340000,350000,360000,360000,370000,370000,380000,380000,380000,..
Adults (ages 15+) and children (0-14 years) living with HIV,SH.HIV.TOTL,Brazil,BRA,..,..,..,..,..,..,..,..,..,..,..,..,..,..,..,..,..,..,..,..,..,..,..,..,..,..,..,..,..,..,170000,190000,210000,230000,250000,270000,290000,310000,350000,380000,410000,450000,480000,510000,530000,560000,580000,600000,620000,650000,670000,690000,720000,750000,770000,800000,830000,860000,890000,920000,..
Adults (ages 15+) and children (0-14 years) living with HIV,SH.HIV.TOTL,British Virgin Islands,VGB,..,..,..,..,..,..,..,..,..,..,..,..,..,..,..,..,..,..,..,..,..,..,..,..,..,..,..,..,..,..,..,..,..,..,..,..,..,..,..,..,..,..,..,..,..,..,..,..,..,..,..,..,..,..,..,..,..,..,..,..,..
Adults (ages 15+) and children (0-14 years) living with HIV,SH.HIV.TOTL,Brunei Darussalam,BRN,..,..,..,..,..,..,..,..,..,..,..,..,..,..,..,..,..,..,..,..,..,..,..,..,..,..,..,..,..,..,..,..,..,..,..,..,..,..,..,..,..,..,..,..,..,..,..,..,..,..,..,..,..,..,..,..,..,..,..,..,..
Adults (ages 15+) and children (0-14 years) living with HIV,SH.HIV.TOTL,Bulgaria,BGR,..,..,..,..,..,..,..,..,..,..,..,..,..,..,..,..,..,..,..,..,..,..,..,..,..,..,..,..,..,..,100,100,100,100,100,100,100,100,200,200,500,500,500,1000,1000,1000,1000,1100,1200,1400,1600,1800,2000,2100,2300,2500,2700,2900,3100,3300,..
Adults (ages 15+) and children (0-14 years) living with HIV,SH.HIV.TOTL,Burkina Faso,BFA,..,..,..,..,..,..,..,..,..,..,..,..,..,..,..,..,..,..,..,..,..,..,..,..,..,..,..,..,..,..,110000,130000,140000,140000,150000,150000,150000,150000,150000,150000,140000,140000,130000,130000,130000,120000,120000,120000,120000,120000,110000,110000,110000,110000,110000,110000,110000,100000,100000,100000,..
Adults (ages 15+) and children (0-14 years) living with HIV,SH.HIV.TOTL,Burundi,BDI,..,..,..,..,..,..,..,..,..,..,..,..,..,..,..,..,..,..,..,..,..,..,..,..,..,..,..,..,..,..,130000,140000,150000,160000,160000,160000,160000,150000,140000,140000,130000,130000,120000,120000,110000,110000,100000,100000,99000,97000,95000,94000,92000,91000,90000,89000,88000,87000,86000,85000,..
Adults (ages 15+) and children (0-14 years) living with HIV,SH.HIV.TOTL,Cabo Verde,CPV,..,..,..,..,..,..,..,..,..,..,..,..,..,..,..,..,..,..,..,..,..,..,..,..,..,..,..,..,..,..,1000,1000,1000,1100,1200,1300,1300,1400,1500,1500,1600,1700,1700,1800,1800,1800,1900,1900,2000,2000,2100,2100,2200,2200,2300,2300,2400,2400,2400,2500,..
Adults (ages 15+) and children (0-14 years) living with HIV,SH.HIV.TOTL,Cambodia,KHM,..,..,..,..,..,..,..,..,..,..,..,..,..,..,..,..,..,..,..,..,..,..,..,..,..,..,..,..,..,..,1400,4000,11000,23000,40000,60000,78000,93000,100000,110000,110000,110000,110000,100000,97000,93000,91000,89000,88000,86000,85000,83000,82000,81000,79000,78000,76000,75000,74000,73000,..
Adults (ages 15+) and children (0-14 years) living with HIV,SH.HIV.TOTL,Cameroon,CMR,..,..,..,..,..,..,..,..,..,..,..,..,..,..,..,..,..,..,..,..,..,..,..,..,..,..,..,..,..,..,39000,55000,76000,100000,130000,170000,220000,260000,310000,350000,380000,410000,440000,450000,460000,480000,490000,490000,500000,510000,520000,520000,530000,530000,520000,520000,510000,510000,510000,510000,..
Adults (ages 15+) and children (0-14 years) living with HIV,SH.HIV.TOTL,Canada,CAN,..,..,..,..,..,..,..,..,..,..,..,..,..,..,..,..,..,..,..,..,..,..,..,..,..,..,..,..,..,..,..,..,..,..,..,..,..,..,..,..,..,..,..,..,..,..,..,..,..,..,..,..,..,..,..,..,..,..,..,..,..
Adults (ages 15+) and children (0-14 years) living with HIV,SH.HIV.TOTL,Caribbean small states,CSS,..,..,..,..,..,..,..,..,..,..,..,..,..,..,..,..,..,..,..,..,..,..,..,..,..,..,..,..,..,..,..,..,..,..,..,..,..,..,..,..,..,..,..,..,..,..,..,..,..,..,..,..,..,..,..,..,..,..,..,..,..
Adults (ages 15+) and children (0-14 years) living with HIV,SH.HIV.TOTL,Cayman Islands,CYM,..,..,..,..,..,..,..,..,..,..,..,..,..,..,..,..,..,..,..,..,..,..,..,..,..,..,..,..,..,..,..,..,..,..,..,..,..,..,..,..,..,..,..,..,..,..,..,..,..,..,..,..,..,..,..,..,..,..,..,..,..
Adults (ages 15+) and children (0-14 years) living with HIV,SH.HIV.TOTL,Central African Republic,CAF,..,..,..,..,..,..,..,..,..,..,..,..,..,..,..,..,..,..,..,..,..,..,..,..,..,..,..,..,..,..,49000,66000,82000,96000,110000,120000,130000,140000,140000,140000,150000,150000,140000,140000,140000,140000,140000,130000,130000,130000,130000,120000,120000,110000,110000,110000,110000,110000,100000,100000,..
Adults (ages 15+) and children (0-14 years) living with HIV,SH.HIV.TOTL,Central Europe and the Baltics,CEB,..,..,..,..,..,..,..,..,..,..,..,..,..,..,..,..,..,..,..,..,..,..,..,..,..,..,..,..,..,..,..,..,..,..,..,..,..,..,..,..,..,..,..,..,..,..,..,..,..,..,..,..,..,..,..,..,..,..,..,..,..
Adults (ages 15+) and children (0-14 years) living with HIV,SH.HIV.TOTL,Chad,TCD,..,..,..,..,..,..,..,..,..,..,..,..,..,..,..,..,..,..,..,..,..,..,..,..,..,..,..,..,..,..,30000,37000,45000,52000,59000,66000,72000,77000,81000,85000,88000,90000,92000,94000,94000,95000,95000,97000,99000,100000,100000,110000,110000,110000,110000,110000,120000,120000,120000,120000,..
Adults (ages 15+) and children (0-14 years) living with HIV,SH.HIV.TOTL,Channel Islands,CHI,..,..,..,..,..,..,..,..,..,..,..,..,..,..,..,..,..,..,..,..,..,..,..,..,..,..,..,..,..,..,..,..,..,..,..,..,..,..,..,..,..,..,..,..,..,..,..,..,..,..,..,..,..,..,..,..,..,..,..,..,..
Adults (ages 15+) and children (0-14 years) living with HIV,SH.HIV.TOTL,Chile,CHL,..,..,..,..,..,..,..,..,..,..,..,..,..,..,..,..,..,..,..,..,..,..,..,..,..,..,..,..,..,..,2700,3800,5100,6500,8100,9800,12000,13000,15000,17000,18000,20000,22000,23000,25000,26000,28000,30000,32000,34000,37000,40000,43000,47000,51000,55000,60000,65000,70000,74000,..
Adults (ages 15+) and children (0-14 years) living with HIV,SH.HIV.TOTL,China,CHN,..,..,..,..,..,..,..,..,..,..,..,..,..,..,..,..,..,..,..,..,..,..,..,..,..,..,..,..,..,..,..,..,..,..,..,..,..,..,..,..,..,..,..,..,..,..,..,..,..,..,..,..,..,..,..,..,..,..,..,..,..
Adults (ages 15+) and children (0-14 years) living with HIV,SH.HIV.TOTL,Colombia,COL,..,..,..,..,..,..,..,..,..,..,..,..,..,..,..,..,..,..,..,..,..,..,..,..,..,..,..,..,..,..,19000,28000,38000,48000,59000,68000,77000,85000,91000,97000,100000,100000,110000,110000,110000,110000,120000,120000,120000,130000,130000,140000,140000,150000,160000,160000,170000,180000,190000,200000,..
Adults (ages 15+) and children (0-14 years) living with HIV,SH.HIV.TOTL,Comoros,COM,..,..,..,..,..,..,..,..,..,..,..,..,..,..,..,..,..,..,..,..,..,..,..,..,..,..,..,..,..,..,100,100,100,100,100,100,100,100,100,100,100,100,100,100,100,100,100,100,100,100,100,200,200,200,200,200,200,200,200,200,..
Adults (ages 15+) and children (0-14 years) living with HIV,SH.HIV.TOTL,"Congo, Dem. Rep.",COD,..,..,..,..,..,..,..,..,..,..,..,..,..,..,..,..,..,..,..,..,..,..,..,..,..,..,..,..,..,..,360000,400000,440000,470000,510000,530000,550000,560000,570000,570000,570000,570000,560000,560000,550000,550000,540000,540000,530000,530000,530000,520000,520000,520000,510000,510000,510000,510000,520000,520000,..
Adults (ages 15+) and children (0-14 years) living with HIV,SH.HIV.TOTL,"Congo, Rep.",COG,..,..,..,..,..,..,..,..,..,..,..,..,..,..,..,..,..,..,..,..,..,..,..,..,..,..,..,..,..,..,44000,52000,58000,63000,67000,69000,72000,73000,74000,75000,76000,75000,76000,75000,75000,75000,76000,77000,79000,81000,83000,85000,87000,89000,91000,93000,95000,98000,100000,100000,..
Adults (ages 15+) and children (0-14 years) living with HIV,SH.HIV.TOTL,Costa Rica,CRI,..,..,..,..,..,..,..,..,..,..,..,..,..,..,..,..,..,..,..,..,..,..,..,..,..,..,..,..,..,..,1600,1800,2000,2200,2300,2500,2700,3000,3200,3400,3700,4000,4400,4900,5300,5800,6200,6700,7200,7700,8300,8900,9500,10000,11000,11000,12000,13000,14000,14000,..
Adults (ages 15+) and children (0-14 years) living with HIV,SH.HIV.TOTL,Cote d'Ivoire,CIV,..,..,..,..,..,..,..,..,..,..,..,..,..,..,..,..,..,..,..,..,..,..,..,..,..,..,..,..,..,..,240000,300000,360000,420000,480000,520000,560000,590000,610000,610000,620000,610000,600000,580000,560000,550000,530000,520000,510000,500000,500000,490000,480000,470000,460000,460000,450000,440000,430000,430000,..
Adults (ages 15+) and children (0-14 years) living with HIV,SH.HIV.TOTL,Croatia,HRV,..,..,..,..,..,..,..,..,..,..,..,..,..,..,..,..,..,..,..,..,..,..,..,..,..,..,..,..,..,..,200,200,200,500,500,500,500,500,500,500,500,500,1000,1000,1000,1000,1000,1000,1000,1000,1000,1100,1100,1200,1300,1400,1400,1500,1600,1600,..
Adults (ages 15+) and children (0-14 years) living with HIV,SH.HIV.TOTL,Cuba,CUB,..,..,..,..,..,..,..,..,..,..,..,..,..,..,..,..,..,..,..,..,..,..,..,..,..,..,..,..,..,..,1000,1000,1100,1400,1600,1900,2200,2600,3000,3600,4200,4900,5800,6800,7900,9200,11000,12000,14000,15000,17000,19000,21000,23000,25000,27000,28000,30000,31000,32000,..
Adults (ages 15+) and children (0-14 years) living with HIV,SH.HIV.TOTL,Curacao,CUW,..,..,..,..,..,..,..,..,..,..,..,..,..,..,..,..,..,..,..,..,..,..,..,..,..,..,..,..,..,..,..,..,..,..,..,..,..,..,..,..,..,..,..,..,..,..,..,..,..,..,..,..,..,..,..,..,..,..,..,..,..
Adults (ages 15+) and children (0-14 years) living with HIV,SH.HIV.TOTL,Cyprus,CYP,..,..,..,..,..,..,..,..,..,..,..,..,..,..,..,..,..,..,..,..,..,..,..,..,..,..,..,..,..,..,..,..,..,..,..,..,..,..,..,..,..,..,..,..,..,..,..,..,..,..,..,..,..,..,..,..,..,..,..,..,..
Adults (ages 15+) and children (0-14 years) living with HIV,SH.HIV.TOTL,Czech Republic,CZE,..,..,..,..,..,..,..,..,..,..,..,..,..,..,..,..,..,..,..,..,..,..,..,..,..,..,..,..,..,..,..,..,..,..,..,..,..,..,..,..,..,..,..,..,..,..,..,..,..,..,..,..,..,..,..,..,..,..,..,..,..
Adults (ages 15+) and children (0-14 years) living with HIV,SH.HIV.TOTL,Denmark,DNK,..,..,..,..,..,..,..,..,..,..,..,..,..,..,..,..,..,..,..,..,..,..,..,..,..,..,..,..,..,..,..,..,..,..,..,..,..,..,..,..,..,..,..,..,..,..,..,..,..,..,..,..,..,..,..,..,..,..,..,..,..
Adults (ages 15+) and children (0-14 years) living with HIV,SH.HIV.TOTL,Djibouti,DJI,..,..,..,..,..,..,..,..,..,..,..,..,..,..,..,..,..,..,..,..,..,..,..,..,..,..,..,..,..,..,500,1000,1200,2000,3300,5100,7100,9300,11000,13000,14000,14000,14000,14000,14000,13000,13000,12000,12000,11000,11000,10000,9400,9000,8500,8100,7700,7400,7100,6800,..
Adults (ages 15+) and children (0-14 years) living with HIV,SH.HIV.TOTL,Dominica,DMA,..,..,..,..,..,..,..,..,..,..,..,..,..,..,..,..,..,..,..,..,..,..,..,..,..,..,..,..,..,..,..,..,..,..,..,..,..,..,..,..,..,..,..,..,..,..,..,..,..,..,..,..,..,..,..,..,..,..,..,..,..
Adults (ages 15+) and children (0-14 years) living with HIV,SH.HIV.TOTL,Dominican Republic,DOM,..,..,..,..,..,..,..,..,..,..,..,..,..,..,..,..,..,..,..,..,..,..,..,..,..,..,..,..,..,..,33000,41000,49000,59000,67000,76000,83000,89000,94000,97000,99000,99000,98000,96000,94000,91000,88000,85000,83000,81000,80000,78000,77000,75000,74000,73000,73000,72000,72000,72000,..
Adults (ages 15+) and children (0-14 years) living with HIV,SH.HIV.TOTL,Early-demographic dividend,EAR,..,..,..,..,..,..,..,..,..,..,..,..,..,..,..,..,..,..,..,..,..,..,..,..,..,..,..,..,..,..,..,..,..,..,..,..,..,..,..,..,..,..,..,..,..,..,..,..,..,..,..,..,..,..,..,..,..,..,..,..,..
Adults (ages 15+) and children (0-14 years) living with HIV,SH.HIV.TOTL,East Asia & Pacific,EAS,..,..,..,..,..,..,..,..,..,..,..,..,..,..,..,..,..,..,..,..,..,..,..,..,..,..,..,..,..,..,..,..,..,..,..,..,..,..,..,..,..,..,..,..,..,..,..,..,..,..,..,..,..,..,..,..,..,..,..,..,..
Adults (ages 15+) and children (0-14 years) living with HIV,SH.HIV.TOTL,East Asia & Pacific (excluding high income),EAP,..,..,..,..,..,..,..,..,..,..,..,..,..,..,..,..,..,..,..,..,..,..,..,..,..,..,..,..,..,..,..,..,..,..,..,..,..,..,..,..,..,..,..,..,..,..,..,..,..,..,..,..,..,..,..,..,..,..,..,..,..
Adults (ages 15+) and children (0-14 years) living with HIV,SH.HIV.TOTL,East Asia & Pacific (IDA & IBRD countries),TEA,..,..,..,..,..,..,..,..,..,..,..,..,..,..,..,..,..,..,..,..,..,..,..,..,..,..,..,..,..,..,..,..,..,..,..,..,..,..,..,..,..,..,..,..,..,..,..,..,..,..,..,..,..,..,..,..,..,..,..,..,..
Adults (ages 15+) and children (0-14 years) living with HIV,SH.HIV.TOTL,Ecuador,ECU,..,..,..,..,..,..,..,..,..,..,..,..,..,..,..,..,..,..,..,..,..,..,..,..,..,..,..,..,..,..,10000,12000,14000,15000,17000,18000,20000,21000,23000,24000,25000,26000,27000,27000,28000,28000,29000,30000,31000,32000,34000,35000,36000,38000,39000,40000,42000,44000,46000,47000,..
Adults (ages 15+) and children (0-14 years) living with HIV,SH.HIV.TOTL,"Egypt, Arab Rep.",EGY,..,..,..,..,..,..,..,..,..,..,..,..,..,..,..,..,..,..,..,..,..,..,..,..,..,..,..,..,..,..,200,500,500,500,1000,1000,1100,1300,1600,1900,2200,2400,2700,2900,3100,3400,3600,4000,4400,5000,5700,6600,7600,9000,11000,13000,15000,18000,22000,26000,..
Adults (ages 15+) and children (0-14 years) living with HIV,SH.HIV.TOTL,El Salvador,SLV,..,..,..,..,..,..,..,..,..,..,..,..,..,..,..,..,..,..,..,..,..,..,..,..,..,..,..,..,..,..,2200,3100,4100,5300,6700,8200,9700,11000,13000,14000,16000,17000,19000,20000,21000,22000,23000,24000,25000,26000,27000,27000,28000,28000,28000,28000,28000,28000,27000,27000,..
Adults (ages 15+) and children (0-14 years) living with HIV,SH.HIV.TOTL,Equatorial Guinea,GNQ,..,..,..,..,..,..,..,..,..,..,..,..,..,..,..,..,..,..,..,..,..,..,..,..,..,..,..,..,..,..,2000,2600,3200,4000,4900,6000,7100,8300,9700,11000,13000,14000,16000,17000,19000,21000,23000,26000,28000,31000,34000,37000,41000,44000,47000,51000,55000,58000,61000,65000,..
Adults (ages 15+) and children (0-14 years) living with HIV,SH.HIV.TOTL,Eritrea,ERI,..,..,..,..,..,..,..,..,..,..,..,..,..,..,..,..,..,..,..,..,..,..,..,..,..,..,..,..,..,..,8400,10000,12000,14000,15000,16000,16000,17000,17000,18000,19000,19000,20000,20000,20000,20000,19000,19000,18000,18000,17000,17000,16000,16000,16000,15000,15000,15000,14000,14000,..
Adults (ages 15+) and children (0-14 years) living with HIV,SH.HIV.TOTL,Estonia,EST,..,..,..,..,..,..,..,..,..,..,..,..,..,..,..,..,..,..,..,..,..,..,..,..,..,..,..,..,..,..,..,..,..,..,..,..,..,..,..,..,..,..,..,..,..,..,..,..,..,..,..,..,..,..,..,..,..,..,..,..,..
Adults (ages 15+) and children (0-14 years) living with HIV,SH.HIV.TOTL,Eswatini,SWZ,..,..,..,..,..,..,..,..,..,..,..,..,..,..,..,..,..,..,..,..,..,..,..,..,..,..,..,..,..,..,4500,9400,17000,29000,44000,60000,75000,90000,100000,110000,120000,130000,130000,140000,140000,150000,160000,160000,170000,170000,180000,180000,190000,190000,200000,200000,200000,200000,200000,200000,..
Adults (ages 15+) and children (0-14 years) living with HIV,SH.HIV.TOTL,Ethiopia,ETH,..,..,..,..,..,..,..,..,..,..,..,..,..,..,..,..,..,..,..,..,..,..,..,..,..,..,..,..,..,..,430000,540000,640000,730000,790000,840000,870000,880000,880000,870000,860000,840000,810000,780000,750000,720000,690000,680000,670000,670000,670000,670000,670000,670000,670000,670000,670000,670000,670000,670000,..
Adults (ages 15+) and children (0-14 years) living with HIV,SH.HIV.TOTL,Euro area,EMU,..,..,..,..,..,..,..,..,..,..,..,..,..,..,..,..,..,..,..,..,..,..,..,..,..,..,..,..,..,..,..,..,..,..,..,..,..,..,..,..,..,..,..,..,..,..,..,..,..,..,..,..,..,..,..,..,..,..,..,..,..
Adults (ages 15+) and children (0-14 years) living with HIV,SH.HIV.TOTL,Europe & Central Asia,ECS,..,..,..,..,..,..,..,..,..,..,..,..,..,..,..,..,..,..,..,..,..,..,..,..,..,..,..,..,..,..,..,..,..,..,..,..,..,..,..,..,..,..,..,..,..,..,..,..,..,..,..,..,..,..,..,..,..,..,..,..,..
Adults (ages 15+) and children (0-14 years) living with HIV,SH.HIV.TOTL,Europe & Central Asia (excluding high income),ECA,..,..,..,..,..,..,..,..,..,..,..,..,..,..,..,..,..,..,..,..,..,..,..,..,..,..,..,..,..,..,..,..,..,..,..,..,..,..,..,..,..,..,..,..,..,..,..,..,..,..,..,..,..,..,..,..,..,..,..,..,..
Adults (ages 15+) and children (0-14 years) living with HIV,SH.HIV.TOTL,Europe & Central Asia (IDA & IBRD countries),TEC,..,..,..,..,..,..,..,..,..,..,..,..,..,..,..,..,..,..,..,..,..,..,..,..,..,..,..,..,..,..,..,..,..,..,..,..,..,..,..,..,..,..,..,..,..,..,..,..,..,..,..,..,..,..,..,..,..,..,..,..,..
Adults (ages 15+) and children (0-14 years) living with HIV,SH.HIV.TOTL,European Union,EUU,..,..,..,..,..,..,..,..,..,..,..,..,..,..,..,..,..,..,..,..,..,..,..,..,..,..,..,..,..,..,..,..,..,..,..,..,..,..,..,..,..,..,..,..,..,..,..,..,..,..,..,..,..,..,..,..,..,..,..,..,..
Adults (ages 15+) and children (0-14 years) living with HIV,SH.HIV.TOTL,Faroe Islands,FRO,..,..,..,..,..,..,..,..,..,..,..,..,..,..,..,..,..,..,..,..,..,..,..,..,..,..,..,..,..,..,..,..,..,..,..,..,..,..,..,..,..,..,..,..,..,..,..,..,..,..,..,..,..,..,..,..,..,..,..,..,..
Adults (ages 15+) and children (0-14 years) living with HIV,SH.HIV.TOTL,Fiji,FJI,..,..,..,..,..,..,..,..,..,..,..,..,..,..,..,..,..,..,..,..,..,..,..,..,..,..,..,..,..,..,100,100,100,100,100,100,100,100,100,200,200,200,200,200,500,500,500,500,500,500,500,500,1000,1000,1000,1000,1000,1000,1000,1000,..
Adults (ages 15+) and children (0-14 years) living with HIV,SH.HIV.TOTL,Finland,FIN,..,..,..,..,..,..,..,..,..,..,..,..,..,..,..,..,..,..,..,..,..,..,..,..,..,..,..,..,..,..,..,..,..,..,..,..,..,..,..,..,..,..,..,..,..,..,..,..,..,..,..,..,..,..,..,..,..,..,..,..,..
Adults (ages 15+) and children (0-14 years) living with HIV,SH.HIV.TOTL,Fragile and conflict affected situations,FCS,..,..,..,..,..,..,..,..,..,..,..,..,..,..,..,..,..,..,..,..,..,..,..,..,..,..,..,..,..,..,..,..,..,..,..,..,..,..,..,..,..,..,..,..,..,..,..,..,..,..,..,..,..,..,..,..,..,..,..,..,..
Adults (ages 15+) and children (0-14 years) living with HIV,SH.HIV.TOTL,France,FRA,..,..,..,..,..,..,..,..,..,..,..,..,..,..,..,..,..,..,..,..,..,..,..,..,..,..,..,..,..,..,41000,45000,49000,52000,56000,59000,61000,66000,71000,76000,82000,88000,94000,100000,110000,110000,120000,130000,130000,140000,140000,140000,150000,150000,160000,170000,170000,180000,180000,190000,..
Adults (ages 15+) and children (0-14 years) living with HIV,SH.HIV.TOTL,French Polynesia,PYF,..,..,..,..,..,..,..,..,..,..,..,..,..,..,..,..,..,..,..,..,..,..,..,..,..,..,..,..,..,..,..,..,..,..,..,..,..,..,..,..,..,..,..,..,..,..,..,..,..,..,..,..,..,..,..,..,..,..,..,..,..
Adults (ages 15+) and children (0-14 years) living with HIV,SH.HIV.TOTL,Gabon,GAB,..,..,..,..,..,..,..,..,..,..,..,..,..,..,..,..,..,..,..,..,..,..,..,..,..,..,..,..,..,..,4800,6400,8400,11000,14000,17000,20000,23000,26000,28000,30000,32000,33000,35000,36000,37000,38000,40000,41000,42000,44000,45000,46000,48000,49000,50000,50000,51000,51000,51000,..
Adults (ages 15+) and children (0-14 years) living with HIV,SH.HIV.TOTL,"Gambia, The",GMB,..,..,..,..,..,..,..,..,..,..,..,..,..,..,..,..,..,..,..,..,..,..,..,..,..,..,..,..,..,..,1000,1000,1200,1700,2500,3400,4500,5800,7200,8600,10000,11000,13000,14000,15000,16000,17000,17000,18000,19000,20000,21000,22000,23000,24000,25000,25000,26000,27000,28000,..
Adults (ages 15+) and children (0-14 years) living with HIV,SH.HIV.TOTL,Georgia,GEO,..,..,..,..,..,..,..,..,..,..,..,..,..,..,..,..,..,..,..,..,..,..,..,..,..,..,..,..,..,..,100,100,100,100,100,100,100,100,200,200,500,500,500,1000,1000,1000,1300,1600,1900,2400,2900,3400,4000,4700,5300,6000,6800,7500,8300,9100,..
Adults (ages 15+) and children (0-14 years) living with HIV,SH.HIV.TOTL,Germany,DEU,..,..,..,..,..,..,..,..,..,..,..,..,..,..,..,..,..,..,..,..,..,..,..,..,..,..,..,..,..,..,..,..,..,..,..,..,..,..,..,..,..,..,..,..,..,..,..,..,..,..,..,..,..,..,..,..,..,..,..,..,..
Adults (ages 15+) and children (0-14 years) living with HIV,SH.HIV.TOTL,Ghana,GHA,..,..,..,..,..,..,..,..,..,..,..,..,..,..,..,..,..,..,..,..,..,..,..,..,..,..,..,..,..,..,100000,130000,150000,170000,190000,210000,220000,230000,250000,250000,260000,270000,270000,270000,270000,280000,280000,280000,280000,290000,290000,300000,310000,310000,320000,330000,330000,330000,340000,340000,..
Adults (ages 15+) and children (0-14 years) living with HIV,SH.HIV.TOTL,Gibraltar,GIB,..,..,..,..,..,..,..,..,..,..,..,..,..,..,..,..,..,..,..,..,..,..,..,..,..,..,..,..,..,..,..,..,..,..,..,..,..,..,..,..,..,..,..,..,..,..,..,..,..,..,..,..,..,..,..,..,..,..,..,..,..
Adults (ages 15+) and children (0-14 years) living with HIV,SH.HIV.TOTL,Greece,GRC,..,..,..,..,..,..,..,..,..,..,..,..,..,..,..,..,..,..,..,..,..,..,..,..,..,..,..,..,..,..,..,..,..,..,..,..,..,..,..,..,..,..,..,..,..,..,..,..,..,..,..,..,..,..,..,..,..,..,..,..,..
Adults (ages 15+) and children (0-14 years) living with HIV,SH.HIV.TOTL,Greenland,GRL,..,..,..,..,..,..,..,..,..,..,..,..,..,..,..,..,..,..,..,..,..,..,..,..,..,..,..,..,..,..,..,..,..,..,..,..,..,..,..,..,..,..,..,..,..,..,..,..,..,..,..,..,..,..,..,..,..,..,..,..,..
Adults (ages 15+) and children (0-14 years) living with HIV,SH.HIV.TOTL,Grenada,GRD,..,..,..,..,..,..,..,..,..,..,..,..,..,..,..,..,..,..,..,..,..,..,..,..,..,..,..,..,..,..,..,..,..,..,..,..,..,..,..,..,..,..,..,..,..,..,..,..,..,..,..,..,..,..,..,..,..,..,..,..,..
Adults (ages 15+) and children (0-14 years) living with HIV,SH.HIV.TOTL,Guam,GUM,..,..,..,..,..,..,..,..,..,..,..,..,..,..,..,..,..,..,..,..,..,..,..,..,..,..,..,..,..,..,..,..,..,..,..,..,..,..,..,..,..,..,..,..,..,..,..,..,..,..,..,..,..,..,..,..,..,..,..,..,..
Adults (ages 15+) and children (0-14 years) living with HIV,SH.HIV.TOTL,Guatemala,GTM,..,..,..,..,..,..,..,..,..,..,..,..,..,..,..,..,..,..,..,..,..,..,..,..,..,..,..,..,..,..,5700,7500,9500,12000,14000,16000,18000,20000,21000,23000,24000,25000,25000,26000,28000,29000,30000,31000,32000,34000,35000,36000,36000,37000,37000,37000,37000,37000,36000,36000,..
Adults (ages 15+) and children (0-14 years) living with HIV,SH.HIV.TOTL,Guinea,GIN,..,..,..,..,..,..,..,..,..,..,..,..,..,..,..,..,..,..,..,..,..,..,..,..,..,..,..,..,..,..,23000,28000,34000,41000,47000,54000,60000,66000,72000,76000,80000,83000,84000,86000,87000,87000,88000,90000,91000,93000,95000,97000,99000,100000,100000,100000,110000,110000,110000,110000,..
Adults (ages 15+) and children (0-14 years) living with HIV,SH.HIV.TOTL,Guinea-Bissau,GNB,..,..,..,..,..,..,..,..,..,..,..,..,..,..,..,..,..,..,..,..,..,..,..,..,..,..,..,..,..,..,1100,1600,2300,3400,4900,6900,9300,12000,15000,19000,21000,24000,26000,28000,30000,31000,31000,32000,33000,34000,35000,36000,37000,38000,38000,39000,39000,40000,40000,40000,..
Adults (ages 15+) and children (0-14 years) living with HIV,SH.HIV.TOTL,Guyana,GUY,..,..,..,..,..,..,..,..,..,..,..,..,..,..,..,..,..,..,..,..,..,..,..,..,..,..,..,..,..,..,200,200,500,500,500,1000,1000,1100,1500,2000,2500,3100,3600,4200,4700,5200,5700,6100,6400,6700,7000,7300,7500,7700,7900,8100,8300,8400,8600,8700,..
Adults (ages 15+) and children (0-14 years) living with HIV,SH.HIV.TOTL,Haiti,HTI,..,..,..,..,..,..,..,..,..,..,..,..,..,..,..,..,..,..,..,..,..,..,..,..,..,..,..,..,..,..,89000,100000,120000,120000,130000,140000,140000,140000,140000,140000,140000,140000,140000,140000,140000,140000,140000,140000,140000,140000,140000,140000,150000,150000,150000,150000,150000,150000,150000,160000,..
Adults (ages 15+) and children (0-14 years) living with HIV,SH.HIV.TOTL,Heavily indebted poor countries (HIPC),HPC,..,..,..,..,..,..,..,..,..,..,..,..,..,..,..,..,..,..,..,..,..,..,..,..,..,..,..,..,..,..,..,..,..,..,..,..,..,..,..,..,..,..,..,..,..,..,..,..,..,..,..,..,..,..,..,..,..,..,..,..,..
Adults (ages 15+) and children (0-14 years) living with HIV,SH.HIV.TOTL,High income,HIC,..,..,..,..,..,..,..,..,..,..,..,..,..,..,..,..,..,..,..,..,..,..,..,..,..,..,..,..,..,..,..,..,..,..,..,..,..,..,..,..,..,..,..,..,..,..,..,..,..,..,..,..,..,..,..,..,..,..,..,..,..
Adults (ages 15+) and children (0-14 years) living with HIV,SH.HIV.TOTL,Honduras,HND,..,..,..,..,..,..,..,..,..,..,..,..,..,..,..,..,..,..,..,..,..,..,..,..,..,..,..,..,..,..,16000,20000,23000,26000,29000,32000,33000,35000,35000,35000,35000,33000,32000,30000,29000,28000,27000,26000,26000,25000,25000,24000,24000,24000,24000,24000,24000,24000,24000,25000,..
Adults (ages 15+) and children (0-14 years) living with HIV,SH.HIV.TOTL,"Hong Kong SAR, China",HKG,..,..,..,..,..,..,..,..,..,..,..,..,..,..,..,..,..,..,..,..,..,..,..,..,..,..,..,..,..,..,..,..,..,..,..,..,..,..,..,..,..,..,..,..,..,..,..,..,..,..,..,..,..,..,..,..,..,..,..,..,..
Adults (ages 15+) and children (0-14 years) living with HIV,SH.HIV.TOTL,Hungary,HUN,..,..,..,..,..,..,..,..,..,..,..,..,..,..,..,..,..,..,..,..,..,..,..,..,..,..,..,..,..,..,..,..,..,..,..,..,..,..,..,..,..,..,..,..,..,..,..,..,..,..,..,..,..,..,..,..,..,..,..,..,..
Adults (ages 15+) and children (0-14 years) living with HIV,SH.HIV.TOTL,Iceland,ISL,..,..,..,..,..,..,..,..,..,..,..,..,..,..,..,..,..,..,..,..,..,..,..,..,..,..,..,..,..,..,..,..,..,..,..,..,..,..,..,..,..,..,..,..,..,..,..,..,..,..,..,..,..,..,..,..,..,..,..,..,..
Adults (ages 15+) and children (0-14 years) living with HIV,SH.HIV.TOTL,India,IND,..,..,..,..,..,..,..,..,..,..,..,..,..,..,..,..,..,..,..,..,..,..,..,..,..,..,..,..,..,..,..,..,..,..,..,..,..,..,..,..,..,..,..,..,..,..,..,..,..,..,..,..,..,..,..,..,..,..,..,..,..
Adults (ages 15+) and children (0-14 years) living with HIV,SH.HIV.TOTL,Indonesia,IDN,..,..,..,..,..,..,..,..,..,..,..,..,..,..,..,..,..,..,..,..,..,..,..,..,..,..,..,..,..,..,..,..,..,..,..,..,..,..,..,..,..,..,..,..,..,..,..,..,..,..,..,..,..,..,..,..,..,..,..,..,..
Adults (ages 15+) and children (0-14 years) living with HIV,SH.HIV.TOTL,"Iran, Islamic Rep.",IRN,..,..,..,..,..,..,..,..,..,..,..,..,..,..,..,..,..,..,..,..,..,..,..,..,..,..,..,..,..,..,1800,2100,2400,2700,3100,3800,4900,7000,9400,12000,16000,20000,25000,29000,33000,36000,40000,42000,45000,46000,48000,50000,51000,52000,54000,55000,56000,57000,58000,59000,..
Adults (ages 15+) and children (0-14 years) living with HIV,SH.HIV.TOTL,Iraq,IRQ,..,..,..,..,..,..,..,..,..,..,..,..,..,..,..,..,..,..,..,..,..,..,..,..,..,..,..,..,..,..,..,..,..,..,..,..,..,..,..,..,..,..,..,..,..,..,..,..,..,..,..,..,..,..,..,..,..,..,..,..,..
Adults (ages 15+) and children (0-14 years) living with HIV,SH.HIV.TOTL,Ireland,IRL,..,..,..,..,..,..,..,..,..,..,..,..,..,..,..,..,..,..,..,..,..,..,..,..,..,..,..,..,..,..,1000,1000,1000,1000,1000,1100,1200,1400,1500,1700,1900,2100,2400,2600,2900,3200,3500,3800,4100,4500,4800,5100,5400,5600,5900,6200,6500,6900,7200,7500,..
Adults (ages 15+) and children (0-14 years) living with HIV,SH.HIV.TOTL,Isle of Man,IMN,..,..,..,..,..,..,..,..,..,..,..,..,..,..,..,..,..,..,..,..,..,..,..,..,..,..,..,..,..,..,..,..,..,..,..,..,..,..,..,..,..,..,..,..,..,..,..,..,..,..,..,..,..,..,..,..,..,..,..,..,..
Adults (ages 15+) and children (0-14 years) living with HIV,SH.HIV.TOTL,Israel,ISR,..,..,..,..,..,..,..,..,..,..,..,..,..,..,..,..,..,..,..,..,..,..,..,..,..,..,..,..,..,..,..,..,..,..,..,..,..,..,..,..,..,..,..,..,..,..,..,..,..,..,..,..,..,..,..,..,..,..,..,..,..
Adults (ages 15+) and children (0-14 years) living with HIV,SH.HIV.TOTL,Italy,ITA,..,..,..,..,..,..,..,..,..,..,..,..,..,..,..,..,..,..,..,..,..,..,..,..,..,..,..,..,..,..,54000,55000,56000,56000,56000,55000,55000,55000,58000,61000,65000,70000,75000,81000,87000,92000,97000,100000,110000,110000,110000,120000,120000,120000,120000,130000,130000,130000,130000,130000,..
Adults (ages 15+) and children (0-14 years) living with HIV,SH.HIV.TOTL,Jamaica,JAM,..,..,..,..,..,..,..,..,..,..,..,..,..,..,..,..,..,..,..,..,..,..,..,..,..,..,..,..,..,..,8900,11000,13000,15000,17000,19000,20000,22000,23000,24000,25000,25000,25000,25000,25000,25000,26000,26000,26000,27000,28000,28000,29000,30000,30000,31000,31000,32000,32000,32000,..
Adults (ages 15+) and children (0-14 years) living with HIV,SH.HIV.TOTL,Japan,JPN,..,..,..,..,..,..,..,..,..,..,..,..,..,..,..,..,..,..,..,..,..,..,..,..,..,..,..,..,..,..,..,..,..,..,..,..,..,..,..,..,..,..,..,..,..,..,..,..,..,..,..,..,..,..,..,..,..,..,..,..,..
Adults (ages 15+) and children (0-14 years) living with HIV,SH.HIV.TOTL,Jordan,JOR,..,..,..,..,..,..,..,..,..,..,..,..,..,..,..,..,..,..,..,..,..,..,..,..,..,..,..,..,..,..,..,..,..,..,..,..,..,..,..,..,..,..,..,..,..,..,..,..,..,..,..,..,..,..,..,..,..,..,..,..,..
Adults (ages 15+) and children (0-14 years) living with HIV,SH.HIV.TOTL,Kazakhstan,KAZ,..,..,..,..,..,..,..,..,..,..,..,..,..,..,..,..,..,..,..,..,..,..,..,..,..,..,..,..,..,..,1500,1700,1900,2000,2200,2400,2700,2900,3200,3600,4000,4500,5000,5600,6400,7200,8200,9200,10000,12000,13000,14000,16000,18000,20000,23000,25000,28000,30000,33000,..
Adults (ages 15+) and children (0-14 years) living with HIV,SH.HIV.TOTL,Kenya,KEN,..,..,..,..,..,..,..,..,..,..,..,..,..,..,..,..,..,..,..,..,..,..,..,..,..,..,..,..,..,..,510000,680000,860000,1000000,1200000,1300000,1400000,1500000,1500000,1500000,1500000,1500000,1500000,1500000,1400000,1400000,1400000,1400000,1400000,1400000,1400000,1400000,1400000,1400000,1500000,1500000,1500000,1500000,1500000,1500000,..
Adults (ages 15+) and children (0-14 years) living with HIV,SH.HIV.TOTL,Kiribati,KIR,..,..,..,..,..,..,..,..,..,..,..,..,..,..,..,..,..,..,..,..,..,..,..,..,..,..,..,..,..,..,..,..,..,..,..,..,..,..,..,..,..,..,..,..,..,..,..,..,..,..,..,..,..,..,..,..,..,..,..,..,..
Adults (ages 15+) and children (0-14 years) living with HIV,SH.HIV.TOTL,"Korea, Dem. Peopleâ€™s Rep.",PRK,..,..,..,..,..,..,..,..,..,..,..,..,..,..,..,..,..,..,..,..,..,..,..,..,..,..,..,..,..,..,..,..,..,..,..,..,..,..,..,..,..,..,..,..,..,..,..,..,..,..,..,..,..,..,..,..,..,..,..,..,..
Adults (ages 15+) and children (0-14 years) living with HIV,SH.HIV.TOTL,"Korea, Rep.",KOR,..,..,..,..,..,..,..,..,..,..,..,..,..,..,..,..,..,..,..,..,..,..,..,..,..,..,..,..,..,..,..,..,..,..,..,..,..,..,..,..,..,..,..,..,..,..,..,..,..,..,..,..,..,..,..,..,..,..,..,..,..
Adults (ages 15+) and children (0-14 years) living with HIV,SH.HIV.TOTL,Kosovo,XKX,..,..,..,..,..,..,..,..,..,..,..,..,..,..,..,..,..,..,..,..,..,..,..,..,..,..,..,..,..,..,..,..,..,..,..,..,..,..,..,..,..,..,..,..,..,..,..,..,..,..,..,..,..,..,..,..,..,..,..,..,..
Adults (ages 15+) and children (0-14 years) living with HIV,SH.HIV.TOTL,Kuwait,KWT,..,..,..,..,..,..,..,..,..,..,..,..,..,..,..,..,..,..,..,..,..,..,..,..,..,..,..,..,..,..,..,..,..,..,..,..,..,..,..,..,..,..,..,..,..,..,..,..,..,..,..,..,..,..,..,..,..,..,..,..,..
Adults (ages 15+) and children (0-14 years) living with HIV,SH.HIV.TOTL,Kyrgyz Republic,KGZ,..,..,..,..,..,..,..,..,..,..,..,..,..,..,..,..,..,..,..,..,..,..,..,..,..,..,..,..,..,..,1000,1000,1000,1000,1000,1000,1000,1000,1000,1100,1100,1200,1300,1500,1700,1900,2300,2700,3100,3600,4100,4800,5400,6100,6700,7500,8200,8900,9500,10000,..
Adults (ages 15+) and children (0-14 years) living with HIV,SH.HIV.TOTL,Lao PDR,LAO,..,..,..,..,..,..,..,..,..,..,..,..,..,..,..,..,..,..,..,..,..,..,..,..,..,..,..,..,..,..,100,100,100,100,200,500,500,1000,1100,1500,2000,2700,3300,4000,4600,5300,6000,6700,7400,8100,8800,9400,10000,11000,11000,12000,12000,12000,13000,13000,..
Adults (ages 15+) and children (0-14 years) living with HIV,SH.HIV.TOTL,Late-demographic dividend,LTE,..,..,..,..,..,..,..,..,..,..,..,..,..,..,..,..,..,..,..,..,..,..,..,..,..,..,..,..,..,..,..,..,..,..,..,..,..,..,..,..,..,..,..,..,..,..,..,..,..,..,..,..,..,..,..,..,..,..,..,..,..
Adults (ages 15+) and children (0-14 years) living with HIV,SH.HIV.TOTL,Latin America & Caribbean,LCN,..,..,..,..,..,..,..,..,..,..,..,..,..,..,..,..,..,..,..,..,..,..,..,..,..,..,..,..,..,..,..,..,..,..,..,..,..,..,..,..,..,..,..,..,..,..,..,..,..,..,..,..,..,..,..,..,..,..,..,..,..
Adults (ages 15+) and children (0-14 years) living with HIV,SH.HIV.TOTL,Latin America & Caribbean (excluding high income),LAC,..,..,..,..,..,..,..,..,..,..,..,..,..,..,..,..,..,..,..,..,..,..,..,..,..,..,..,..,..,..,..,..,..,..,..,..,..,..,..,..,..,..,..,..,..,..,..,..,..,..,..,..,..,..,..,..,..,..,..,..,..
Adults (ages 15+) and children (0-14 years) living with HIV,SH.HIV.TOTL,Latin America & the Caribbean (IDA & IBRD countries),TLA,..,..,..,..,..,..,..,..,..,..,..,..,..,..,..,..,..,..,..,..,..,..,..,..,..,..,..,..,..,..,..,..,..,..,..,..,..,..,..,..,..,..,..,..,..,..,..,..,..,..,..,..,..,..,..,..,..,..,..,..,..
Adults (ages 15+) and children (0-14 years) living with HIV,SH.HIV.TOTL,Latvia,LVA,..,..,..,..,..,..,..,..,..,..,..,..,..,..,..,..,..,..,..,..,..,..,..,..,..,..,..,..,..,..,500,500,1000,1000,1000,1000,1100,1300,1400,2200,2300,2500,2700,2900,3100,3200,3400,3500,3700,3900,4000,4200,4300,4400,4500,4700,4800,5100,5300,5600,..
Adults (ages 15+) and children (0-14 years) living with HIV,SH.HIV.TOTL,Least developed countries: UN classification,LDC,..,..,..,..,..,..,..,..,..,..,..,..,..,..,..,..,..,..,..,..,..,..,..,..,..,..,..,..,..,..,..,..,..,..,..,..,..,..,..,..,..,..,..,..,..,..,..,..,..,..,..,..,..,..,..,..,..,..,..,..,..
Adults (ages 15+) and children (0-14 years) living with HIV,SH.HIV.TOTL,Lebanon,LBN,..,..,..,..,..,..,..,..,..,..,..,..,..,..,..,..,..,..,..,..,..,..,..,..,..,..,..,..,..,..,500,500,500,500,500,500,500,500,500,1000,1000,1000,1000,1000,1000,1000,1000,1100,1200,1300,1400,1500,1700,1900,2000,2200,2400,2500,2600,2700,..
Adults (ages 15+) and children (0-14 years) living with HIV,SH.HIV.TOTL,Lesotho,LSO,..,..,..,..,..,..,..,..,..,..,..,..,..,..,..,..,..,..,..,..,..,..,..,..,..,..,..,..,..,..,31000,45000,64000,87000,110000,140000,170000,200000,220000,250000,260000,270000,280000,280000,290000,290000,290000,290000,290000,300000,310000,310000,320000,330000,330000,330000,340000,340000,340000,340000,..
Adults (ages 15+) and children (0-14 years) living with HIV,SH.HIV.TOTL,Liberia,LBR,..,..,..,..,..,..,..,..,..,..,..,..,..,..,..,..,..,..,..,..,..,..,..,..,..,..,..,..,..,..,21000,26000,30000,34000,37000,41000,45000,49000,52000,55000,56000,56000,55000,54000,53000,52000,51000,51000,51000,51000,51000,50000,50000,50000,49000,49000,48000,47000,47000,47000,..
Adults (ages 15+) and children (0-14 years) living with HIV,SH.HIV.TOTL,Libya,LBY,..,..,..,..,..,..,..,..,..,..,..,..,..,..,..,..,..,..,..,..,..,..,..,..,..,..,..,..,..,..,100,100,100,100,100,200,500,500,500,1000,1000,1100,1400,1800,2300,2800,3400,4000,4600,5200,5800,6400,6900,7400,7800,8300,8700,9000,9300,9500,..
Adults (ages 15+) and children (0-14 years) living with HIV,SH.HIV.TOTL,Liechtenstein,LIE,..,..,..,..,..,..,..,..,..,..,..,..,..,..,..,..,..,..,..,..,..,..,..,..,..,..,..,..,..,..,..,..,..,..,..,..,..,..,..,..,..,..,..,..,..,..,..,..,..,..,..,..,..,..,..,..,..,..,..,..,..
Adults (ages 15+) and children (0-14 years) living with HIV,SH.HIV.TOTL,Lithuania,LTU,..,..,..,..,..,..,..,..,..,..,..,..,..,..,..,..,..,..,..,..,..,..,..,..,..,..,..,..,..,..,500,500,500,500,500,500,1000,1000,1000,1000,1000,1200,1300,1400,1500,1600,1700,1800,1900,2000,2100,2200,2300,2500,2600,2700,2900,3100,3200,3400,..
Adults (ages 15+) and children (0-14 years) living with HIV,SH.HIV.TOTL,Low & middle income,LMY,..,..,..,..,..,..,..,..,..,..,..,..,..,..,..,..,..,..,..,..,..,..,..,..,..,..,..,..,..,..,..,..,..,..,..,..,..,..,..,..,..,..,..,..,..,..,..,..,..,..,..,..,..,..,..,..,..,..,..,..,..
Adults (ages 15+) and children (0-14 years) living with HIV,SH.HIV.TOTL,Low income,LIC,..,..,..,..,..,..,..,..,..,..,..,..,..,..,..,..,..,..,..,..,..,..,..,..,..,..,..,..,..,..,..,..,..,..,..,..,..,..,..,..,..,..,..,..,..,..,..,..,..,..,..,..,..,..,..,..,..,..,..,..,..
Adults (ages 15+) and children (0-14 years) living with HIV,SH.HIV.TOTL,Lower middle income,LMC,..,..,..,..,..,..,..,..,..,..,..,..,..,..,..,..,..,..,..,..,..,..,..,..,..,..,..,..,..,..,..,..,..,..,..,..,..,..,..,..,..,..,..,..,..,..,..,..,..,..,..,..,..,..,..,..,..,..,..,..,..
Adults (ages 15+) and children (0-14 years) living with HIV,SH.HIV.TOTL,Luxembourg,LUX,..,..,..,..,..,..,..,..,..,..,..,..,..,..,..,..,..,..,..,..,..,..,..,..,..,..,..,..,..,..,..,..,..,..,..,..,..,..,..,..,..,..,..,..,..,..,..,..,..,..,..,..,..,..,..,..,..,..,..,..,..
Adults (ages 15+) and children (0-14 years) living with HIV,SH.HIV.TOTL,"Macao SAR, China",MAC,..,..,..,..,..,..,..,..,..,..,..,..,..,..,..,..,..,..,..,..,..,..,..,..,..,..,..,..,..,..,..,..,..,..,..,..,..,..,..,..,..,..,..,..,..,..,..,..,..,..,..,..,..,..,..,..,..,..,..,..,..
Adults (ages 15+) and children (0-14 years) living with HIV,SH.HIV.TOTL,Madagascar,MDG,..,..,..,..,..,..,..,..,..,..,..,..,..,..,..,..,..,..,..,..,..,..,..,..,..,..,..,..,..,..,100,100,100,200,500,500,1000,1100,1500,1900,2200,2600,3000,3500,4000,4500,5200,6100,7100,8300,9900,12000,14000,17000,20000,23000,27000,30000,35000,39000,..
Adults (ages 15+) and children (0-14 years) living with HIV,SH.HIV.TOTL,Malawi,MWI,..,..,..,..,..,..,..,..,..,..,..,..,..,..,..,..,..,..,..,..,..,..,..,..,..,..,..,..,..,..,410000,480000,550000,610000,660000,710000,760000,800000,840000,870000,890000,900000,900000,900000,890000,880000,870000,870000,880000,890000,910000,920000,940000,960000,980000,1000000,1000000,1000000,1000000,1100000,..
Adults (ages 15+) and children (0-14 years) living with HIV,SH.HIV.TOTL,Malaysia,MYS,..,..,..,..,..,..,..,..,..,..,..,..,..,..,..,..,..,..,..,..,..,..,..,..,..,..,..,..,..,..,9100,16000,24000,30000,35000,39000,42000,45000,47000,49000,52000,54000,56000,58000,60000,62000,64000,66000,68000,69000,71000,73000,74000,75000,76000,78000,79000,82000,84000,88000,..
Adults (ages 15+) and children (0-14 years) living with HIV,SH.HIV.TOTL,Maldives,MDV,..,..,..,..,..,..,..,..,..,..,..,..,..,..,..,..,..,..,..,..,..,..,..,..,..,..,..,..,..,..,..,..,..,..,..,..,..,..,..,..,..,..,..,..,..,..,..,..,..,..,..,..,..,..,..,..,..,..,..,..,..
Adults (ages 15+) and children (0-14 years) living with HIV,SH.HIV.TOTL,Mali,MLI,..,..,..,..,..,..,..,..,..,..,..,..,..,..,..,..,..,..,..,..,..,..,..,..,..,..,..,..,..,..,47000,55000,63000,70000,76000,81000,86000,89000,92000,94000,96000,98000,99000,100000,100000,100000,110000,110000,110000,110000,120000,120000,120000,130000,130000,130000,140000,140000,140000,140000,..
Adults (ages 15+) and children (0-14 years) living with HIV,SH.HIV.TOTL,Malta,MLT,..,..,..,..,..,..,..,..,..,..,..,..,..,..,..,..,..,..,..,..,..,..,..,..,..,..,..,..,..,..,..,..,..,..,..,..,..,..,..,..,..,..,..,..,..,..,..,..,..,..,..,..,..,..,..,..,..,..,..,..,..
Adults (ages 15+) and children (0-14 years) living with HIV,SH.HIV.TOTL,Marshall Islands,MHL,..,..,..,..,..,..,..,..,..,..,..,..,..,..,..,..,..,..,..,..,..,..,..,..,..,..,..,..,..,..,..,..,..,..,..,..,..,..,..,..,..,..,..,..,..,..,..,..,..,..,..,..,..,..,..,..,..,..,..,..,..
Adults (ages 15+) and children (0-14 years) living with HIV,SH.HIV.TOTL,Mauritania,MRT,..,..,..,..,..,..,..,..,..,..,..,..,..,..,..,..,..,..,..,..,..,..,..,..,..,..,..,..,..,..,1000,1000,1100,1400,1900,2400,3000,3600,4300,4900,5600,6100,6600,6900,7200,7300,7400,7400,7400,7300,7200,7100,6900,6800,6600,6300,6200,6000,5900,5700,..
Adults (ages 15+) and children (0-14 years) living with HIV,SH.HIV.TOTL,Mauritius,MUS,..,..,..,..,..,..,..,..,..,..,..,..,..,..,..,..,..,..,..,..,..,..,..,..,..,..,..,..,..,..,100,100,100,100,100,200,500,1000,1000,1800,2800,4000,5300,6500,7600,8500,9300,10000,10000,11000,11000,11000,11000,11000,11000,11000,11000,11000,11000,11000,..
Adults (ages 15+) and children (0-14 years) living with HIV,SH.HIV.TOTL,Mexico,MEX,..,..,..,..,..,..,..,..,..,..,..,..,..,..,..,..,..,..,..,..,..,..,..,..,..,..,..,..,..,..,..,..,..,..,..,..,..,..,..,..,..,..,..,..,..,..,..,..,..,..,..,..,..,..,..,..,..,..,..,..,..
Adults (ages 15+) and children (0-14 years) living with HIV,SH.HIV.TOTL,"Micronesia, Fed. Sts.",FSM,..,..,..,..,..,..,..,..,..,..,..,..,..,..,..,..,..,..,..,..,..,..,..,..,..,..,..,..,..,..,..,..,..,..,..,..,..,..,..,..,..,..,..,..,..,..,..,..,..,..,..,..,..,..,..,..,..,..,..,..,..
Adults (ages 15+) and children (0-14 years) living with HIV,SH.HIV.TOTL,Middle East & North Africa,MEA,..,..,..,..,..,..,..,..,..,..,..,..,..,..,..,..,..,..,..,..,..,..,..,..,..,..,..,..,..,..,..,..,..,..,..,..,..,..,..,..,..,..,..,..,..,..,..,..,..,..,..,..,..,..,..,..,..,..,..,..,..
Adults (ages 15+) and children (0-14 years) living with HIV,SH.HIV.TOTL,Middle East & North Africa (excluding high income),MNA,..,..,..,..,..,..,..,..,..,..,..,..,..,..,..,..,..,..,..,..,..,..,..,..,..,..,..,..,..,..,..,..,..,..,..,..,..,..,..,..,..,..,..,..,..,..,..,..,..,..,..,..,..,..,..,..,..,..,..,..,..
Adults (ages 15+) and children (0-14 years) living with HIV,SH.HIV.TOTL,Middle East & North Africa (IDA & IBRD countries),TMN,..,..,..,..,..,..,..,..,..,..,..,..,..,..,..,..,..,..,..,..,..,..,..,..,..,..,..,..,..,..,..,..,..,..,..,..,..,..,..,..,..,..,..,..,..,..,..,..,..,..,..,..,..,..,..,..,..,..,..,..,..
Adults (ages 15+) and children (0-14 years) living with HIV,SH.HIV.TOTL,Middle income,MIC,..,..,..,..,..,..,..,..,..,..,..,..,..,..,..,..,..,..,..,..,..,..,..,..,..,..,..,..,..,..,..,..,..,..,..,..,..,..,..,..,..,..,..,..,..,..,..,..,..,..,..,..,..,..,..,..,..,..,..,..,..
Adults (ages 15+) and children (0-14 years) living with HIV,SH.HIV.TOTL,Moldova,MDA,..,..,..,..,..,..,..,..,..,..,..,..,..,..,..,..,..,..,..,..,..,..,..,..,..,..,..,..,..,..,100,100,200,500,500,1000,2000,3400,4700,5900,6800,7400,7900,8500,9000,9600,10000,11000,12000,12000,13000,13000,14000,14000,14000,14000,14000,14000,14000,15000,..
Adults (ages 15+) and children (0-14 years) living with HIV,SH.HIV.TOTL,Monaco,MCO,..,..,..,..,..,..,..,..,..,..,..,..,..,..,..,..,..,..,..,..,..,..,..,..,..,..,..,..,..,..,..,..,..,..,..,..,..,..,..,..,..,..,..,..,..,..,..,..,..,..,..,..,..,..,..,..,..,..,..,..,..
Adults (ages 15+) and children (0-14 years) living with HIV,SH.HIV.TOTL,Mongolia,MNG,..,..,..,..,..,..,..,..,..,..,..,..,..,..,..,..,..,..,..,..,..,..,..,..,..,..,..,..,..,..,100,100,100,100,100,100,100,100,100,100,100,100,100,200,200,500,500,500,500,500,500,500,500,500,1000,1000,1000,1000,1000,1000,..
Adults (ages 15+) and children (0-14 years) living with HIV,SH.HIV.TOTL,Montenegro,MNE,..,..,..,..,..,..,..,..,..,..,..,..,..,..,..,..,..,..,..,..,..,..,..,..,..,..,..,..,..,..,100,100,100,100,100,100,100,100,100,100,100,100,100,100,100,100,100,100,100,200,200,200,200,200,500,500,500,500,500,500,..
Adults (ages 15+) and children (0-14 years) living with HIV,SH.HIV.TOTL,Morocco,MAR,..,..,..,..,..,..,..,..,..,..,..,..,..,..,..,..,..,..,..,..,..,..,..,..,..,..,..,..,..,..,2200,2700,3300,4000,4800,5600,6500,7300,8100,8800,9600,10000,11000,12000,12000,13000,14000,15000,15000,16000,17000,17000,18000,18000,19000,19000,20000,21000,21000,21000,..
Adults (ages 15+) and children (0-14 years) living with HIV,SH.HIV.TOTL,Mozambique,MOZ,..,..,..,..,..,..,..,..,..,..,..,..,..,..,..,..,..,..,..,..,..,..,..,..,..,..,..,..,..,..,82000,110000,160000,210000,270000,340000,420000,510000,610000,700000,800000,900000,990000,1100000,1100000,1200000,1300000,1400000,1400000,1500000,1600000,1700000,1700000,1800000,1900000,2000000,2000000,2100000,2200000,2200000,..
Adults (ages 15+) and children (0-14 years) living with HIV,SH.HIV.TOTL,Myanmar,MMR,..,..,..,..,..,..,..,..,..,..,..,..,..,..,..,..,..,..,..,..,..,..,..,..,..,..,..,..,..,..,13000,29000,46000,57000,67000,78000,90000,100000,120000,130000,150000,170000,190000,200000,210000,220000,220000,230000,230000,230000,230000,240000,240000,240000,240000,240000,240000,240000,240000,240000,..
Adults (ages 15+) and children (0-14 years) living with HIV,SH.HIV.TOTL,Namibia,NAM,..,..,..,..,..,..,..,..,..,..,..,..,..,..,..,..,..,..,..,..,..,..,..,..,..,..,..,..,..,..,14000,21000,30000,41000,55000,72000,89000,110000,120000,130000,140000,150000,150000,160000,160000,160000,170000,170000,170000,180000,180000,190000,190000,190000,200000,200000,200000,200000,210000,210000,..
Adults (ages 15+) and children (0-14 years) living with HIV,SH.HIV.TOTL,Nauru,NRU,..,..,..,..,..,..,..,..,..,..,..,..,..,..,..,..,..,..,..,..,..,..,..,..,..,..,..,..,..,..,..,..,..,..,..,..,..,..,..,..,..,..,..,..,..,..,..,..,..,..,..,..,..,..,..,..,..,..,..,..,..
Adults (ages 15+) and children (0-14 years) living with HIV,SH.HIV.TOTL,Nepal,NPL,..,..,..,..,..,..,..,..,..,..,..,..,..,..,..,..,..,..,..,..,..,..,..,..,..,..,..,..,..,..,100,100,100,500,1000,1100,2300,4600,8200,12000,16000,20000,23000,26000,28000,30000,31000,32000,33000,33000,32000,31000,30000,30000,29000,29000,29000,29000,29000,30000,..
Adults (ages 15+) and children (0-14 years) living with HIV,SH.HIV.TOTL,Netherlands,NLD,..,..,..,..,..,..,..,..,..,..,..,..,..,..,..,..,..,..,..,..,..,..,..,..,..,..,..,..,..,..,7300,7300,7300,7400,7400,7600,8000,8700,9600,10000,11000,12000,13000,14000,15000,16000,17000,18000,18000,19000,20000,21000,21000,22000,22000,23000,23000,23000,23000,24000,..
Adults (ages 15+) and children (0-14 years) living with HIV,SH.HIV.TOTL,New Caledonia,NCL,..,..,..,..,..,..,..,..,..,..,..,..,..,..,..,..,..,..,..,..,..,..,..,..,..,..,..,..,..,..,..,..,..,..,..,..,..,..,..,..,..,..,..,..,..,..,..,..,..,..,..,..,..,..,..,..,..,..,..,..,..
Adults (ages 15+) and children (0-14 years) living with HIV,SH.HIV.TOTL,New Zealand,NZL,..,..,..,..,..,..,..,..,..,..,..,..,..,..,..,..,..,..,..,..,..,..,..,..,..,..,..,..,..,..,1000,1000,1000,1000,1000,1000,1000,1000,1000,1100,1200,1200,1300,1400,1500,1700,1800,1900,2000,2200,2300,2400,2600,2700,2900,3000,3100,3300,3400,3500,..
Adults (ages 15+) and children (0-14 years) living with HIV,SH.HIV.TOTL,Nicaragua,NIC,..,..,..,..,..,..,..,..,..,..,..,..,..,..,..,..,..,..,..,..,..,..,..,..,..,..,..,..,..,..,500,500,500,1000,1000,1100,1600,2100,2700,3500,4200,4900,5400,5800,6100,6400,6800,7100,7500,7800,8000,8200,8400,8600,8800,8900,9100,9300,9400,9600,..
Adults (ages 15+) and children (0-14 years) living with HIV,SH.HIV.TOTL,Niger,NER,..,..,..,..,..,..,..,..,..,..,..,..,..,..,..,..,..,..,..,..,..,..,..,..,..,..,..,..,..,..,7300,9400,12000,15000,19000,22000,26000,30000,33000,36000,38000,40000,42000,42000,42000,42000,41000,40000,39000,38000,37000,36000,36000,36000,35000,35000,34000,34000,34000,33000,..
Adults (ages 15+) and children (0-14 years) living with HIV,SH.HIV.TOTL,Nigeria,NGA,..,..,..,..,..,..,..,..,..,..,..,..,..,..,..,..,..,..,..,..,..,..,..,..,..,..,..,..,..,..,280000,350000,420000,490000,570000,650000,730000,810000,880000,940000,1000000,1000000,1100000,1100000,1100000,1200000,1200000,1200000,1300000,1300000,1400000,1400000,1400000,1500000,1500000,1600000,1600000,1700000,1700000,1800000,..
Adults (ages 15+) and children (0-14 years) living with HIV,SH.HIV.TOTL,North America,NAC,..,..,..,..,..,..,..,..,..,..,..,..,..,..,..,..,..,..,..,..,..,..,..,..,..,..,..,..,..,..,..,..,..,..,..,..,..,..,..,..,..,..,..,..,..,..,..,..,..,..,..,..,..,..,..,..,..,..,..,..,..
Adults (ages 15+) and children (0-14 years) living with HIV,SH.HIV.TOTL,North Macedonia,MKD,..,..,..,..,..,..,..,..,..,..,..,..,..,..,..,..,..,..,..,..,..,..,..,..,..,..,..,..,..,..,..,..,..,..,..,..,..,..,..,..,..,..,..,..,..,..,..,..,..,..,..,..,..,..,..,..,..,..,..,..,..
Adults (ages 15+) and children (0-14 years) living with HIV,SH.HIV.TOTL,Northern Mariana Islands,MNP,..,..,..,..,..,..,..,..,..,..,..,..,..,..,..,..,..,..,..,..,..,..,..,..,..,..,..,..,..,..,..,..,..,..,..,..,..,..,..,..,..,..,..,..,..,..,..,..,..,..,..,..,..,..,..,..,..,..,..,..,..
Adults (ages 15+) and children (0-14 years) living with HIV,SH.HIV.TOTL,Norway,NOR,..,..,..,..,..,..,..,..,..,..,..,..,..,..,..,..,..,..,..,..,..,..,..,..,..,..,..,..,..,..,..,..,..,..,..,..,..,..,..,..,..,..,..,..,..,..,..,..,..,..,..,..,..,..,..,..,..,..,..,..,..
Adults (ages 15+) and children (0-14 years) living with HIV,SH.HIV.TOTL,Not classified,INX,..,..,..,..,..,..,..,..,..,..,..,..,..,..,..,..,..,..,..,..,..,..,..,..,..,..,..,..,..,..,..,..,..,..,..,..,..,..,..,..,..,..,..,..,..,..,..,..,..,..,..,..,..,..,..,..,..,..,..,..,..
Adults (ages 15+) and children (0-14 years) living with HIV,SH.HIV.TOTL,OECD members,OED,..,..,..,..,..,..,..,..,..,..,..,..,..,..,..,..,..,..,..,..,..,..,..,..,..,..,..,..,..,..,..,..,..,..,..,..,..,..,..,..,..,..,..,..,..,..,..,..,..,..,..,..,..,..,..,..,..,..,..,..,..
Adults (ages 15+) and children (0-14 years) living with HIV,SH.HIV.TOTL,Oman,OMN,..,..,..,..,..,..,..,..,..,..,..,..,..,..,..,..,..,..,..,..,..,..,..,..,..,..,..,..,..,..,500,500,1000,1000,1000,1000,1100,1200,1300,1300,1400,1400,1500,1600,1600,1600,1700,1700,1700,1800,1800,1900,1900,2000,2100,2100,2200,2300,2400,2500,..
Adults (ages 15+) and children (0-14 years) living with HIV,SH.HIV.TOTL,Other small states,OSS,..,..,..,..,..,..,..,..,..,..,..,..,..,..,..,..,..,..,..,..,..,..,..,..,..,..,..,..,..,..,..,..,..,..,..,..,..,..,..,..,..,..,..,..,..,..,..,..,..,..,..,..,..,..,..,..,..,..,..,..,..
Adults (ages 15+) and children (0-14 years) living with HIV,SH.HIV.TOTL,Pacific island small states,PSS,..,..,..,..,..,..,..,..,..,..,..,..,..,..,..,..,..,..,..,..,..,..,..,..,..,..,..,..,..,..,..,..,..,..,..,..,..,..,..,..,..,..,..,..,..,..,..,..,..,..,..,..,..,..,..,..,..,..,..,..,..
Adults (ages 15+) and children (0-14 years) living with HIV,SH.HIV.TOTL,Pakistan,PAK,..,..,..,..,..,..,..,..,..,..,..,..,..,..,..,..,..,..,..,..,..,..,..,..,..,..,..,..,..,..,100,100,100,100,100,100,200,200,500,500,500,1000,1000,1200,2700,12000,21000,32000,44000,57000,68000,80000,92000,100000,120000,130000,140000,150000,170000,190000,..
Adults (ages 15+) and children (0-14 years) living with HIV,SH.HIV.TOTL,Palau,PLW,..,..,..,..,..,..,..,..,..,..,..,..,..,..,..,..,..,..,..,..,..,..,..,..,..,..,..,..,..,..,..,..,..,..,..,..,..,..,..,..,..,..,..,..,..,..,..,..,..,..,..,..,..,..,..,..,..,..,..,..,..
Adults (ages 15+) and children (0-14 years) living with HIV,SH.HIV.TOTL,Panama,PAN,..,..,..,..,..,..,..,..,..,..,..,..,..,..,..,..,..,..,..,..,..,..,..,..,..,..,..,..,..,..,..,..,..,..,..,..,..,..,..,..,..,..,..,..,..,..,..,..,..,..,..,..,..,..,..,..,..,..,..,..,..
Adults (ages 15+) and children (0-14 years) living with HIV,SH.HIV.TOTL,Papua New Guinea,PNG,..,..,..,..,..,..,..,..,..,..,..,..,..,..,..,..,..,..,..,..,..,..,..,..,..,..,..,..,..,..,100,200,500,500,1000,1300,2100,3300,5000,7300,10000,14000,17000,20000,23000,25000,27000,28000,30000,31000,33000,35000,36000,38000,40000,42000,44000,47000,49000,52000,..
Adults (ages 15+) and children (0-14 years) living with HIV,SH.HIV.TOTL,Paraguay,PRY,..,..,..,..,..,..,..,..,..,..,..,..,..,..,..,..,..,..,..,..,..,..,..,..,..,..,..,..,..,..,1000,1200,1600,2200,3200,4600,6200,8100,10000,12000,14000,16000,17000,18000,18000,19000,19000,19000,19000,19000,20000,20000,20000,20000,21000,21000,21000,21000,21000,22000,..
Adults (ages 15+) and children (0-14 years) living with HIV,SH.HIV.TOTL,Peru,PER,..,..,..,..,..,..,..,..,..,..,..,..,..,..,..,..,..,..,..,..,..,..,..,..,..,..,..,..,..,..,51000,53000,55000,56000,56000,57000,57000,57000,57000,56000,55000,54000,53000,53000,53000,52000,53000,54000,55000,56000,57000,59000,61000,64000,67000,71000,75000,80000,83000,87000,..
Adults (ages 15+) and children (0-14 years) living with HIV,SH.HIV.TOTL,Philippines,PHL,..,..,..,..,..,..,..,..,..,..,..,..,..,..,..,..,..,..,..,..,..,..,..,..,..,..,..,..,..,..,100,100,200,200,500,500,500,500,1000,1000,1000,1300,1700,2300,3000,3900,5100,6700,8800,12000,17000,21000,27000,33000,41000,50000,60000,71000,83000,97000,..
Adults (ages 15+) and children (0-14 years) living with HIV,SH.HIV.TOTL,Poland,POL,..,..,..,..,..,..,..,..,..,..,..,..,..,..,..,..,..,..,..,..,..,..,..,..,..,..,..,..,..,..,..,..,..,..,..,..,..,..,..,..,..,..,..,..,..,..,..,..,..,..,..,..,..,..,..,..,..,..,..,..,..
Adults (ages 15+) and children (0-14 years) living with HIV,SH.HIV.TOTL,Portugal,PRT,..,..,..,..,..,..,..,..,..,..,..,..,..,..,..,..,..,..,..,..,..,..,..,..,..,..,..,..,..,..,..,..,..,..,..,..,..,..,..,..,..,..,..,..,..,..,..,..,..,..,..,..,..,..,..,..,..,..,..,..,..
Adults (ages 15+) and children (0-14 years) living with HIV,SH.HIV.TOTL,Post-demographic dividend,PST,..,..,..,..,..,..,..,..,..,..,..,..,..,..,..,..,..,..,..,..,..,..,..,..,..,..,..,..,..,..,..,..,..,..,..,..,..,..,..,..,..,..,..,..,..,..,..,..,..,..,..,..,..,..,..,..,..,..,..,..,..
Adults (ages 15+) and children (0-14 years) living with HIV,SH.HIV.TOTL,Pre-demographic dividend,PRE,..,..,..,..,..,..,..,..,..,..,..,..,..,..,..,..,..,..,..,..,..,..,..,..,..,..,..,..,..,..,..,..,..,..,..,..,..,..,..,..,..,..,..,..,..,..,..,..,..,..,..,..,..,..,..,..,..,..,..,..,..
Adults (ages 15+) and children (0-14 years) living with HIV,SH.HIV.TOTL,Puerto Rico,PRI,..,..,..,..,..,..,..,..,..,..,..,..,..,..,..,..,..,..,..,..,..,..,..,..,..,..,..,..,..,..,..,..,..,..,..,..,..,..,..,..,..,..,..,..,..,..,..,..,..,..,..,..,..,..,..,..,..,..,..,..,..
Adults (ages 15+) and children (0-14 years) living with HIV,SH.HIV.TOTL,Qatar,QAT,..,..,..,..,..,..,..,..,..,..,..,..,..,..,..,..,..,..,..,..,..,..,..,..,..,..,..,..,..,..,..,..,..,..,..,..,..,..,..,..,..,..,..,..,..,..,..,..,..,..,..,..,..,..,..,..,..,..,..,..,..
Adults (ages 15+) and children (0-14 years) living with HIV,SH.HIV.TOTL,Romania,ROU,..,..,..,..,..,..,..,..,..,..,..,..,..,..,..,..,..,..,..,..,..,..,..,..,..,..,..,..,..,..,2400,2700,3100,3600,4200,4900,5500,6200,6900,7700,8500,9200,9900,11000,11000,12000,12000,13000,14000,14000,15000,15000,16000,16000,17000,17000,18000,18000,19000,19000,..
Adults (ages 15+) and children (0-14 years) living with HIV,SH.HIV.TOTL,Russian Federation,RUS,..,..,..,..,..,..,..,..,..,..,..,..,..,..,..,..,..,..,..,..,..,..,..,..,..,..,..,..,..,..,..,..,..,..,..,..,..,..,..,..,..,..,..,..,..,..,..,..,..,..,..,..,..,..,..,..,..,..,..,..,..
Adults (ages 15+) and children (0-14 years) living with HIV,SH.HIV.TOTL,Rwanda,RWA,..,..,..,..,..,..,..,..,..,..,..,..,..,..,..,..,..,..,..,..,..,..,..,..,..,..,..,..,..,..,73000,88000,100000,110000,120000,130000,150000,160000,180000,190000,200000,210000,210000,210000,200000,200000,200000,200000,210000,210000,210000,220000,220000,220000,220000,220000,230000,230000,230000,230000,..
Adults (ages 15+) and children (0-14 years) living with HIV,SH.HIV.TOTL,Samoa,WSM,..,..,..,..,..,..,..,..,..,..,..,..,..,..,..,..,..,..,..,..,..,..,..,..,..,..,..,..,..,..,..,..,..,..,..,..,..,..,..,..,..,..,..,..,..,..,..,..,..,..,..,..,..,..,..,..,..,..,..,..,..
Adults (ages 15+) and children (0-14 years) living with HIV,SH.HIV.TOTL,San Marino,SMR,..,..,..,..,..,..,..,..,..,..,..,..,..,..,..,..,..,..,..,..,..,..,..,..,..,..,..,..,..,..,..,..,..,..,..,..,..,..,..,..,..,..,..,..,..,..,..,..,..,..,..,..,..,..,..,..,..,..,..,..,..
Adults (ages 15+) and children (0-14 years) living with HIV,SH.HIV.TOTL,Sao Tome and Principe,STP,..,..,..,..,..,..,..,..,..,..,..,..,..,..,..,..,..,..,..,..,..,..,..,..,..,..,..,..,..,..,..,..,..,..,..,..,..,..,..,..,..,..,..,..,..,..,..,..,..,..,..,..,..,..,..,..,..,..,..,..,..
Adults (ages 15+) and children (0-14 years) living with HIV,SH.HIV.TOTL,Saudi Arabia,SAU,..,..,..,..,..,..,..,..,..,..,..,..,..,..,..,..,..,..,..,..,..,..,..,..,..,..,..,..,..,..,..,..,..,..,..,..,..,..,..,..,..,..,..,..,..,..,..,..,..,..,..,..,..,..,..,..,..,..,..,..,..
Adults (ages 15+) and children (0-14 years) living with HIV,SH.HIV.TOTL,Senegal,SEN,..,..,..,..,..,..,..,..,..,..,..,..,..,..,..,..,..,..,..,..,..,..,..,..,..,..,..,..,..,..,5100,6700,8800,11000,14000,17000,20000,24000,27000,31000,34000,37000,39000,41000,42000,43000,43000,43000,44000,44000,44000,44000,44000,43000,43000,42000,42000,42000,41000,41000,..
Adults (ages 15+) and children (0-14 years) living with HIV,SH.HIV.TOTL,Serbia,SRB,..,..,..,..,..,..,..,..,..,..,..,..,..,..,..,..,..,..,..,..,..,..,..,..,..,..,..,..,..,..,1300,1400,1400,1500,1500,1400,1300,1200,1200,1100,1000,1000,1000,1000,1000,1100,1200,1300,1500,1600,1800,1900,2100,2200,2400,2500,2700,2900,3000,3200,..
Adults (ages 15+) and children (0-14 years) living with HIV,SH.HIV.TOTL,Seychelles,SYC,..,..,..,..,..,..,..,..,..,..,..,..,..,..,..,..,..,..,..,..,..,..,..,..,..,..,..,..,..,..,..,..,..,..,..,..,..,..,..,..,..,..,..,..,..,..,..,..,..,..,..,..,..,..,..,..,..,..,..,..,..
Adults (ages 15+) and children (0-14 years) living with HIV,SH.HIV.TOTL,Sierra Leone,SLE,..,..,..,..,..,..,..,..,..,..,..,..,..,..,..,..,..,..,..,..,..,..,..,..,..,..,..,..,..,..,14000,17000,20000,23000,26000,28000,31000,34000,36000,39000,42000,45000,48000,51000,53000,55000,57000,58000,60000,61000,63000,65000,67000,69000,70000,72000,73000,75000,76000,78000,..
Adults (ages 15+) and children (0-14 years) living with HIV,SH.HIV.TOTL,Singapore,SGP,..,..,..,..,..,..,..,..,..,..,..,..,..,..,..,..,..,..,..,..,..,..,..,..,..,..,..,..,..,..,500,1000,1000,1000,1300,1600,1900,2200,2400,2700,2900,3100,3300,3500,3800,4100,4500,5000,5500,6000,6500,6900,7200,7400,7600,7700,7800,7900,7900,7900,..
Adults (ages 15+) and children (0-14 years) living with HIV,SH.HIV.TOTL,Sint Maarten (Dutch part),SXM,..,..,..,..,..,..,..,..,..,..,..,..,..,..,..,..,..,..,..,..,..,..,..,..,..,..,..,..,..,..,..,..,..,..,..,..,..,..,..,..,..,..,..,..,..,..,..,..,..,..,..,..,..,..,..,..,..,..,..,..,..
Adults (ages 15+) and children (0-14 years) living with HIV,SH.HIV.TOTL,Slovak Republic,SVK,..,..,..,..,..,..,..,..,..,..,..,..,..,..,..,..,..,..,..,..,..,..,..,..,..,..,..,..,..,..,..,..,..,..,..,..,..,..,..,..,..,..,..,..,..,..,..,..,..,..,..,..,..,..,..,..,..,..,..,..,..
Adults (ages 15+) and children (0-14 years) living with HIV,SH.HIV.TOTL,Slovenia,SVN,..,..,..,..,..,..,..,..,..,..,..,..,..,..,..,..,..,..,..,..,..,..,..,..,..,..,..,..,..,..,..,..,..,..,..,..,..,..,..,..,..,..,..,..,..,..,..,..,..,..,..,..,..,..,..,..,..,..,..,..,..
Adults (ages 15+) and children (0-14 years) living with HIV,SH.HIV.TOTL,Small states,SST,..,..,..,..,..,..,..,..,..,..,..,..,..,..,..,..,..,..,..,..,..,..,..,..,..,..,..,..,..,..,..,..,..,..,..,..,..,..,..,..,..,..,..,..,..,..,..,..,..,..,..,..,..,..,..,..,..,..,..,..,..
Adults (ages 15+) and children (0-14 years) living with HIV,SH.HIV.TOTL,Solomon Islands,SLB,..,..,..,..,..,..,..,..,..,..,..,..,..,..,..,..,..,..,..,..,..,..,..,..,..,..,..,..,..,..,..,..,..,..,..,..,..,..,..,..,..,..,..,..,..,..,..,..,..,..,..,..,..,..,..,..,..,..,..,..,..
Adults (ages 15+) and children (0-14 years) living with HIV,SH.HIV.TOTL,Somalia,SOM,..,..,..,..,..,..,..,..,..,..,..,..,..,..,..,..,..,..,..,..,..,..,..,..,..,..,..,..,..,..,3100,3900,4900,5900,7000,8200,9600,11000,12000,14000,15000,16000,17000,17000,18000,18000,18000,18000,17000,16000,16000,15000,14000,14000,13000,12000,12000,11000,11000,11000,..
Adults (ages 15+) and children (0-14 years) living with HIV,SH.HIV.TOTL,South Africa,ZAF,..,..,..,..,..,..,..,..,..,..,..,..,..,..,..,..,..,..,..,..,..,..,..,..,..,..,..,..,..,..,140000,250000,410000,640000,930000,1300000,1600000,2100000,2500000,2900000,3200000,3600000,3900000,4300000,4500000,4800000,5000000,5200000,5400000,5700000,5900000,6200000,6400000,6600000,6800000,7000000,7200000,7300000,7400000,7500000,..
Adults (ages 15+) and children (0-14 years) living with HIV,SH.HIV.TOTL,South Asia,SAS,..,..,..,..,..,..,..,..,..,..,..,..,..,..,..,..,..,..,..,..,..,..,..,..,..,..,..,..,..,..,..,..,..,..,..,..,..,..,..,..,..,..,..,..,..,..,..,..,..,..,..,..,..,..,..,..,..,..,..,..,..
Adults (ages 15+) and children (0-14 years) living with HIV,SH.HIV.TOTL,South Asia (IDA & IBRD),TSA,..,..,..,..,..,..,..,..,..,..,..,..,..,..,..,..,..,..,..,..,..,..,..,..,..,..,..,..,..,..,..,..,..,..,..,..,..,..,..,..,..,..,..,..,..,..,..,..,..,..,..,..,..,..,..,..,..,..,..,..,..
Adults (ages 15+) and children (0-14 years) living with HIV,SH.HIV.TOTL,South Sudan,SSD,..,..,..,..,..,..,..,..,..,..,..,..,..,..,..,..,..,..,..,..,..,..,..,..,..,..,..,..,..,..,23000,28000,34000,40000,47000,55000,63000,72000,80000,89000,97000,100000,110000,120000,120000,130000,130000,140000,140000,150000,160000,160000,160000,170000,170000,180000,180000,180000,190000,190000,..
Adults (ages 15+) and children (0-14 years) living with HIV,SH.HIV.TOTL,Spain,ESP,..,..,..,..,..,..,..,..,..,..,..,..,..,..,..,..,..,..,..,..,..,..,..,..,..,..,..,..,..,..,68000,72000,75000,77000,78000,78000,79000,81000,84000,87000,91000,96000,100000,110000,110000,110000,120000,120000,130000,130000,140000,140000,140000,140000,140000,140000,150000,150000,150000,150000,..
Adults (ages 15+) and children (0-14 years) living with HIV,SH.HIV.TOTL,Sri Lanka,LKA,..,..,..,..,..,..,..,..,..,..,..,..,..,..,..,..,..,..,..,..,..,..,..,..,..,..,..,..,..,..,100,100,200,500,500,1000,1000,1100,1400,1800,2100,2500,2800,3100,3300,3500,3700,3800,3900,4000,4000,4000,3900,3900,3800,3800,3800,3700,3600,3600,..
Adults (ages 15+) and children (0-14 years) living with HIV,SH.HIV.TOTL,St. Kitts and Nevis,KNA,..,..,..,..,..,..,..,..,..,..,..,..,..,..,..,..,..,..,..,..,..,..,..,..,..,..,..,..,..,..,..,..,..,..,..,..,..,..,..,..,..,..,..,..,..,..,..,..,..,..,..,..,..,..,..,..,..,..,..,..,..
Adults (ages 15+) and children (0-14 years) living with HIV,SH.HIV.TOTL,St. Lucia,LCA,..,..,..,..,..,..,..,..,..,..,..,..,..,..,..,..,..,..,..,..,..,..,..,..,..,..,..,..,..,..,..,..,..,..,..,..,..,..,..,..,..,..,..,..,..,..,..,..,..,..,..,..,..,..,..,..,..,..,..,..,..
Adults (ages 15+) and children (0-14 years) living with HIV,SH.HIV.TOTL,St. Martin (French part),MAF,..,..,..,..,..,..,..,..,..,..,..,..,..,..,..,..,..,..,..,..,..,..,..,..,..,..,..,..,..,..,..,..,..,..,..,..,..,..,..,..,..,..,..,..,..,..,..,..,..,..,..,..,..,..,..,..,..,..,..,..,..
Adults (ages 15+) and children (0-14 years) living with HIV,SH.HIV.TOTL,St. Vincent and the Grenadines,VCT,..,..,..,..,..,..,..,..,..,..,..,..,..,..,..,..,..,..,..,..,..,..,..,..,..,..,..,..,..,..,..,..,..,..,..,..,..,..,..,..,..,..,..,..,..,..,..,..,..,..,..,..,..,..,..,..,..,..,..,..,..
Adults (ages 15+) and children (0-14 years) living with HIV,SH.HIV.TOTL,Sub-Saharan Africa,SSF,..,..,..,..,..,..,..,..,..,..,..,..,..,..,..,..,..,..,..,..,..,..,..,..,..,..,..,..,..,..,..,..,..,..,..,..,..,..,..,..,..,..,..,..,..,..,..,..,..,..,..,..,..,..,..,..,..,..,..,..,..
Adults (ages 15+) and children (0-14 years) living with HIV,SH.HIV.TOTL,Sub-Saharan Africa (excluding high income),SSA,..,..,..,..,..,..,..,..,..,..,..,..,..,..,..,..,..,..,..,..,..,..,..,..,..,..,..,..,..,..,..,..,..,..,..,..,..,..,..,..,..,..,..,..,..,..,..,..,..,..,..,..,..,..,..,..,..,..,..,..,..
Adults (ages 15+) and children (0-14 years) living with HIV,SH.HIV.TOTL,Sub-Saharan Africa (IDA & IBRD countries),TSS,..,..,..,..,..,..,..,..,..,..,..,..,..,..,..,..,..,..,..,..,..,..,..,..,..,..,..,..,..,..,..,..,..,..,..,..,..,..,..,..,..,..,..,..,..,..,..,..,..,..,..,..,..,..,..,..,..,..,..,..,..
Adults (ages 15+) and children (0-14 years) living with HIV,SH.HIV.TOTL,Sudan,SDN,..,..,..,..,..,..,..,..,..,..,..,..,..,..,..,..,..,..,..,..,..,..,..,..,..,..,..,..,..,..,2500,3500,4700,6300,8300,11000,13000,16000,19000,22000,25000,28000,31000,34000,36000,38000,39000,39000,40000,41000,42000,43000,43000,43000,44000,44000,44000,45000,46000,46000,..
Adults (ages 15+) and children (0-14 years) living with HIV,SH.HIV.TOTL,Suriname,SUR,..,..,..,..,..,..,..,..,..,..,..,..,..,..,..,..,..,..,..,..,..,..,..,..,..,..,..,..,..,..,1000,1000,1200,1500,1800,2000,2300,2600,2800,3100,3300,3500,3600,3800,3900,4000,4200,4300,4500,4600,4800,4900,5100,5200,5300,5400,5500,5600,5700,5800,..
Adults (ages 15+) and children (0-14 years) living with HIV,SH.HIV.TOTL,Sweden,SWE,..,..,..,..,..,..,..,..,..,..,..,..,..,..,..,..,..,..,..,..,..,..,..,..,..,..,..,..,..,..,..,..,..,..,..,..,..,..,..,..,..,..,..,..,..,..,..,..,..,..,..,..,..,..,..,..,..,..,..,..,..
Adults (ages 15+) and children (0-14 years) living with HIV,SH.HIV.TOTL,Switzerland,CHE,..,..,..,..,..,..,..,..,..,..,..,..,..,..,..,..,..,..,..,..,..,..,..,..,..,..,..,..,..,..,7200,7900,8400,8700,8900,8900,8900,9100,9300,9500,9700,10000,10000,11000,11000,11000,12000,12000,13000,13000,14000,14000,15000,15000,16000,16000,16000,16000,17000,17000,..
Adults (ages 15+) and children (0-14 years) living with HIV,SH.HIV.TOTL,Syrian Arab Republic,SYR,..,..,..,..,..,..,..,..,..,..,..,..,..,..,..,..,..,..,..,..,..,..,..,..,..,..,..,..,..,..,100,100,200,200,200,200,200,200,500,500,500,500,500,500,500,500,500,500,500,500,1000,1000,1000,1000,1000,1000,1000,1000,1000,1000,..
Adults (ages 15+) and children (0-14 years) living with HIV,SH.HIV.TOTL,Tajikistan,TJK,..,..,..,..,..,..,..,..,..,..,..,..,..,..,..,..,..,..,..,..,..,..,..,..,..,..,..,..,..,..,100,100,100,100,100,100,100,100,100,100,100,100,200,500,1000,1000,1600,2400,3200,4100,5000,5900,6900,7800,8800,9700,11000,12000,13000,14000,..
Adults (ages 15+) and children (0-14 years) living with HIV,SH.HIV.TOTL,Tanzania,TZA,..,..,..,..,..,..,..,..,..,..,..,..,..,..,..,..,..,..,..,..,..,..,..,..,..,..,..,..,..,..,470000,570000,670000,770000,860000,940000,1000000,1100000,1100000,1100000,1200000,1200000,1200000,1200000,1200000,1200000,1200000,1200000,1300000,1300000,1300000,1400000,1400000,1400000,1500000,1500000,1600000,1600000,1700000,1700000,..
Adults (ages 15+) and children (0-14 years) living with HIV,SH.HIV.TOTL,Thailand,THA,..,..,..,..,..,..,..,..,..,..,..,..,..,..,..,..,..,..,..,..,..,..,..,..,..,..,..,..,..,..,190000,330000,470000,570000,650000,700000,730000,740000,740000,740000,720000,710000,680000,660000,640000,620000,610000,610000,600000,590000,580000,570000,560000,540000,530000,520000,510000,490000,480000,470000,..
Adults (ages 15+) and children (0-14 years) living with HIV,SH.HIV.TOTL,Timor-Leste,TLS,..,..,..,..,..,..,..,..,..,..,..,..,..,..,..,..,..,..,..,..,..,..,..,..,..,..,..,..,..,..,100,100,100,100,100,100,200,200,200,200,200,200,200,500,500,500,500,500,500,500,1000,1000,1000,1000,1000,1000,1000,1200,1300,1500,..
Adults (ages 15+) and children (0-14 years) living with HIV,SH.HIV.TOTL,Togo,TGO,..,..,..,..,..,..,..,..,..,..,..,..,..,..,..,..,..,..,..,..,..,..,..,..,..,..,..,..,..,..,36000,40000,44000,49000,55000,62000,70000,78000,86000,92000,97000,100000,100000,100000,100000,100000,110000,110000,110000,110000,110000,110000,110000,110000,120000,120000,120000,120000,120000,120000,..
Adults (ages 15+) and children (0-14 years) living with HIV,SH.HIV.TOTL,Tonga,TON,..,..,..,..,..,..,..,..,..,..,..,..,..,..,..,..,..,..,..,..,..,..,..,..,..,..,..,..,..,..,..,..,..,..,..,..,..,..,..,..,..,..,..,..,..,..,..,..,..,..,..,..,..,..,..,..,..,..,..,..,..
Adults (ages 15+) and children (0-14 years) living with HIV,SH.HIV.TOTL,Trinidad and Tobago,TTO,..,..,..,..,..,..,..,..,..,..,..,..,..,..,..,..,..,..,..,..,..,..,..,..,..,..,..,..,..,..,2300,2800,3300,3800,4300,4800,5400,6000,6600,7200,7800,8300,8800,9300,9800,10000,11000,11000,11000,11000,11000,11000,11000,11000,11000,11000,11000,11000,11000,11000,..
Adults (ages 15+) and children (0-14 years) living with HIV,SH.HIV.TOTL,Tunisia,TUN,..,..,..,..,..,..,..,..,..,..,..,..,..,..,..,..,..,..,..,..,..,..,..,..,..,..,..,..,..,..,200,200,500,500,500,500,500,500,500,500,1000,1000,1000,1000,1000,1300,1500,1800,2200,2600,3000,3400,3800,4200,4700,5000,5400,5800,6100,6500,..
Adults (ages 15+) and children (0-14 years) living with HIV,SH.HIV.TOTL,Turkey,TUR,..,..,..,..,..,..,..,..,..,..,..,..,..,..,..,..,..,..,..,..,..,..,..,..,..,..,..,..,..,..,..,..,..,..,..,..,..,..,..,..,..,..,..,..,..,..,..,..,..,..,..,..,..,..,..,..,..,..,..,..,..
Adults (ages 15+) and children (0-14 years) living with HIV,SH.HIV.TOTL,Turkmenistan,TKM,..,..,..,..,..,..,..,..,..,..,..,..,..,..,..,..,..,..,..,..,..,..,..,..,..,..,..,..,..,..,..,..,..,..,..,..,..,..,..,..,..,..,..,..,..,..,..,..,..,..,..,..,..,..,..,..,..,..,..,..,..
Adults (ages 15+) and children (0-14 years) living with HIV,SH.HIV.TOTL,Turks and Caicos Islands,TCA,..,..,..,..,..,..,..,..,..,..,..,..,..,..,..,..,..,..,..,..,..,..,..,..,..,..,..,..,..,..,..,..,..,..,..,..,..,..,..,..,..,..,..,..,..,..,..,..,..,..,..,..,..,..,..,..,..,..,..,..,..
Adults (ages 15+) and children (0-14 years) living with HIV,SH.HIV.TOTL,Tuvalu,TUV,..,..,..,..,..,..,..,..,..,..,..,..,..,..,..,..,..,..,..,..,..,..,..,..,..,..,..,..,..,..,..,..,..,..,..,..,..,..,..,..,..,..,..,..,..,..,..,..,..,..,..,..,..,..,..,..,..,..,..,..,..
Adults (ages 15+) and children (0-14 years) living with HIV,SH.HIV.TOTL,Uganda,UGA,..,..,..,..,..,..,..,..,..,..,..,..,..,..,..,..,..,..,..,..,..,..,..,..,..,..,..,..,..,..,850000,890000,930000,950000,970000,980000,990000,1000000,1000000,1000000,1000000,1000000,1000000,1000000,1000000,1000000,1100000,1100000,1100000,1100000,1200000,1200000,1200000,1300000,1300000,1300000,1400000,1400000,1400000,1500000,..
Adults (ages 15+) and children (0-14 years) living with HIV,SH.HIV.TOTL,Ukraine,UKR,..,..,..,..,..,..,..,..,..,..,..,..,..,..,..,..,..,..,..,..,..,..,..,..,..,..,..,..,..,..,1500,3400,8000,18000,33000,54000,78000,100000,120000,150000,170000,190000,210000,220000,230000,240000,240000,240000,240000,240000,240000,240000,240000,240000,240000,240000,240000,240000,250000,250000,..
Adults (ages 15+) and children (0-14 years) living with HIV,SH.HIV.TOTL,United Arab Emirates,ARE,..,..,..,..,..,..,..,..,..,..,..,..,..,..,..,..,..,..,..,..,..,..,..,..,..,..,..,..,..,..,..,..,..,..,..,..,..,..,..,..,..,..,..,..,..,..,..,..,..,..,..,..,..,..,..,..,..,..,..,..,..
Adults (ages 15+) and children (0-14 years) living with HIV,SH.HIV.TOTL,United Kingdom,GBR,..,..,..,..,..,..,..,..,..,..,..,..,..,..,..,..,..,..,..,..,..,..,..,..,..,..,..,..,..,..,..,..,..,..,..,..,..,..,..,..,..,..,..,..,..,..,..,..,..,..,..,..,..,..,..,..,..,..,..,..,..
Adults (ages 15+) and children (0-14 years) living with HIV,SH.HIV.TOTL,United States,USA,..,..,..,..,..,..,..,..,..,..,..,..,..,..,..,..,..,..,..,..,..,..,..,..,..,..,..,..,..,..,610000,610000,610000,600000,590000,580000,580000,600000,630000,650000,680000,710000,730000,760000,790000,820000,840000,870000,910000,930000,960000,990000,1000000,1000000,1100000,1100000,1100000,1100000,1200000,..,..
Adults (ages 15+) and children (0-14 years) living with HIV,SH.HIV.TOTL,Upper middle income,UMC,..,..,..,..,..,..,..,..,..,..,..,..,..,..,..,..,..,..,..,..,..,..,..,..,..,..,..,..,..,..,..,..,..,..,..,..,..,..,..,..,..,..,..,..,..,..,..,..,..,..,..,..,..,..,..,..,..,..,..,..,..
Adults (ages 15+) and children (0-14 years) living with HIV,SH.HIV.TOTL,Uruguay,URY,..,..,..,..,..,..,..,..,..,..,..,..,..,..,..,..,..,..,..,..,..,..,..,..,..,..,..,..,..,..,..,..,..,..,..,..,..,..,..,..,..,..,..,..,..,..,..,..,..,..,..,..,..,..,..,..,..,..,..,..,..
Adults (ages 15+) and children (0-14 years) living with HIV,SH.HIV.TOTL,Uzbekistan,UZB,..,..,..,..,..,..,..,..,..,..,..,..,..,..,..,..,..,..,..,..,..,..,..,..,..,..,..,..,..,..,100,100,100,200,500,500,1000,1000,1400,2000,2700,3500,4400,5500,7300,9000,11000,13000,15000,18000,21000,24000,27000,30000,33000,36000,40000,43000,46000,50000,..
Adults (ages 15+) and children (0-14 years) living with HIV,SH.HIV.TOTL,Vanuatu,VUT,..,..,..,..,..,..,..,..,..,..,..,..,..,..,..,..,..,..,..,..,..,..,..,..,..,..,..,..,..,..,..,..,..,..,..,..,..,..,..,..,..,..,..,..,..,..,..,..,..,..,..,..,..,..,..,..,..,..,..,..,..
Adults (ages 15+) and children (0-14 years) living with HIV,SH.HIV.TOTL,"Venezuela, RB",VEN,..,..,..,..,..,..,..,..,..,..,..,..,..,..,..,..,..,..,..,..,..,..,..,..,..,..,..,..,..,..,11000,12000,14000,16000,19000,22000,25000,29000,34000,40000,48000,56000,64000,73000,81000,89000,95000,100000,110000,110000,120000,120000,130000,130000,130000,130000,130000,120000,120000,110000,..
Adults (ages 15+) and children (0-14 years) living with HIV,SH.HIV.TOTL,Vietnam,VNM,..,..,..,..,..,..,..,..,..,..,..,..,..,..,..,..,..,..,..,..,..,..,..,..,..,..,..,..,..,..,1600,3600,7700,15000,26000,41000,57000,74000,90000,110000,120000,140000,150000,160000,170000,180000,190000,200000,210000,210000,220000,220000,220000,230000,230000,230000,230000,230000,230000,230000,..
Adults (ages 15+) and children (0-14 years) living with HIV,SH.HIV.TOTL,Virgin Islands (U.S.),VIR,..,..,..,..,..,..,..,..,..,..,..,..,..,..,..,..,..,..,..,..,..,..,..,..,..,..,..,..,..,..,..,..,..,..,..,..,..,..,..,..,..,..,..,..,..,..,..,..,..,..,..,..,..,..,..,..,..,..,..,..,..
Adults (ages 15+) and children (0-14 years) living with HIV,SH.HIV.TOTL,West Bank and Gaza,PSE,..,..,..,..,..,..,..,..,..,..,..,..,..,..,..,..,..,..,..,..,..,..,..,..,..,..,..,..,..,..,..,..,..,..,..,..,..,..,..,..,..,..,..,..,..,..,..,..,..,..,..,..,..,..,..,..,..,..,..,..,..
Adults (ages 15+) and children (0-14 years) living with HIV,SH.HIV.TOTL,World,WLD,..,..,..,..,..,..,..,..,..,..,..,..,..,..,..,..,..,..,..,..,..,..,..,..,..,..,..,..,..,..,7700000,9400000,11300000,13100000,15000000,16800000,18500000,20100000,21500000,22800000,24000000,24900000,25700000,26300000,26800000,27300000,27800000,28400000,29100000,29900000,30700000,31600000,32400000,33200000,34100000,34900000,35700000,36500000,37300000,38000000,..
Adults (ages 15+) and children (0-14 years) living with HIV,SH.HIV.TOTL,"Yemen, Rep.",YEM,..,..,..,..,..,..,..,..,..,..,..,..,..,..,..,..,..,..,..,..,..,..,..,..,..,..,..,..,..,..,500,500,500,500,500,1000,1000,1000,1000,1000,1200,1400,1700,2000,2400,2800,3300,3800,4400,5100,5700,6400,7000,7700,8300,8900,9500,10000,11000,11000,..
Adults (ages 15+) and children (0-14 years) living with HIV,SH.HIV.TOTL,Zambia,ZMB,..,..,..,..,..,..,..,..,..,..,..,..,..,..,..,..,..,..,..,..,..,..,..,..,..,..,..,..,..,..,330000,410000,470000,530000,590000,640000,680000,710000,740000,760000,770000,780000,790000,800000,810000,820000,830000,850000,870000,900000,930000,970000,1000000,1000000,1100000,1100000,1200000,1200000,1200000,1200000,..
Adults (ages 15+) and children (0-14 years) living with HIV,SH.HIV.TOTL,Zimbabwe,ZWE,..,..,..,..,..,..,..,..,..,..,..,..,..,..,..,..,..,..,..,..,..,..,..,..,..,..,..,..,..,..,760000,950000,1100000,1300000,1400000,1500000,1500000,1600000,1600000,1600000,1500000,1500000,1400000,1400000,1300000,1300000,1300000,1200000,1200000,1200000,1200000,1200000,1300000,1300000,1300000,1300000,1300000,1300000,1300000,1400000,..
